"","WeekEnding","CumulativeDeaths","Deaths","Gender","Year"
"1",2013-01-07,17291.9512899371,12014.7142857143,"All",2013
"2",2013-01-14,28968.8189080259,11676.8676180888,"All",2013
"3",2013-01-21,40018.525264548,11049.7063565221,"All",2013
"4",2013-01-28,51371.4940279511,11352.9687634031,"All",2013
"5",2013-02-04,62565.0904603822,11193.596432431,"All",2013
"6",2013-02-11,73587.5202238146,11022.4297634325,"All",2013
"7",2013-02-18,84566.9044461085,10979.3842222939,"All",2013
"8",2013-02-25,95322.0019334422,10755.0974873336,"All",2013
"9",2013-03-04,106312.66799505,10990.6660616078,"All",2013
"10",2013-03-11,117538.127835629,11225.4598405791,"All",2013
"11",2013-03-18,128846.998504999,11308.8706693701,"All",2013
"12",2013-03-25,139055.560360118,10208.5618551185,"All",2013
"13",2013-04-01,148699.424777562,9643.86441744474,"All",2013
"14",2013-04-08,160342.953357621,11643.5285800588,"All",2013
"15",2013-04-15,172501.353628688,12158.4002710663,"All",2013
"16",2013-04-22,183724.643789436,11223.2901607489,"All",2013
"17",2013-04-29,194203.319026978,10478.6752375417,"All",2013
"18",2013-05-06,203697.190889823,9493.87186284526,"All",2013
"19",2013-05-13,212792.975722767,9095.78483294317,"All",2013
"20",2013-05-20,222795.556364883,10002.5806421167,"All",2013
"21",2013-05-27,231635.139925572,8839.58356068903,"All",2013
"22",2013-06-03,240396.697343906,8761.55741833415,"All",2013
"23",2013-06-10,249762.493439327,9365.7960954204,"All",2013
"24",2013-06-17,258575.704992081,8813.2115527539,"All",2013
"25",2013-06-24,267354.421286228,8778.7162941471,"All",2013
"26",2013-07-01,276015.656510238,8661.23522401042,"All",2013
"27",2013-07-08,284703.083868154,8687.42735791614,"All",2013
"28",2013-07-15,293326.284985074,8623.20111691975,"All",2013
"29",2013-07-22,302055.86948601,8729.58450093551,"All",2013
"30",2013-07-29,310340.123368263,8284.25388225378,"All",2013
"31",2013-08-05,318548.298848517,8208.17548025341,"All",2013
"32",2013-08-12,326764.829925716,8216.53107719915,"All",2013
"33",2013-08-19,335244.060748911,8479.2308231949,"All",2013
"34",2013-08-26,343368.008711293,8123.94796238258,"All",2013
"35",2013-09-02,351510.595368014,8142.58665672084,"All",2013
"36",2013-09-09,360327.335764171,8816.74039615697,"All",2013
"37",2013-09-16,368648.329796875,8320.99403270381,"All",2013
"38",2013-09-23,377546.30131655,8897.97151967493,"All",2013
"39",2013-09-30,386785.753566662,9239.45225011249,"All",2013
"40",2013-10-07,395839.564883272,9053.81131660979,"All",2013
"41",2013-10-14,404872.424218033,9032.85933476023,"All",2013
"42",2013-10-21,414166.548740224,9294.12452219188,"All",2013
"43",2013-10-28,423310.753998913,9144.20525868819,"All",2013
"44",2013-11-04,432537.286576079,9226.53257716616,"All",2013
"45",2013-11-11,442079.889784236,9542.60320815723,"All",2013
"46",2013-11-18,451672.472071234,9592.58228699805,"All",2013
"47",2013-11-25,461247.111143656,9574.63907242194,"All",2013
"48",2013-12-02,471029.923004288,9782.81186063192,"All",2013
"49",2013-12-09,480869.502961641,9839.57995735353,"All",2013
"50",2013-12-16,491484.304216202,10614.8012545605,"All",2013
"51",2013-12-23,499875.807870344,8391.5036541422,"All",2013
"52",2013-12-31,509741.976085347,9866.16821500257,"All",2013
"53",2014-01-07,522017.270099223,12275.2940138766,"All",2014
"54",2014-01-14,533369.978503183,11352.7084039598,"All",2014
"55",2014-01-21,543996.186150435,10626.2076472522,"All",2014
"56",2014-01-28,554263.553863006,10267.3677125706,"All",2014
"57",2014-02-04,564460.04154623,10196.4876832237,"All",2014
"58",2014-02-11,574604.772663447,10144.7311172171,"All",2014
"59",2014-02-18,584932.182668789,10327.4100053422,"All",2014
"60",2014-02-25,595412.907740115,10480.7250713266,"All",2014
"61",2014-03-04,605438.098907193,10025.1911670775,"All",2014
"62",2014-03-11,615332.50712674,9894.40821954701,"All",2014
"63",2014-03-18,625296.382789929,9963.8756631891,"All",2014
"64",2014-03-25,634948.874249987,9652.49146005779,"All",2014
"65",2014-04-01,644743.385516246,9794.51126625913,"All",2014
"66",2014-04-08,654648.545784155,9905.16026790871,"All",2014
"67",2014-04-15,663130.308898156,8481.7631140009,"All",2014
"68",2014-04-22,671615.973725264,8485.66482710803,"All",2014
"69",2014-04-29,682040.708737233,10424.7350119695,"All",2014
"70",2014-05-06,691424.573250002,9383.86451276927,"All",2014
"71",2014-05-13,700346.549283166,8921.97603316337,"All",2014
"72",2014-05-20,710054.757314128,9708.20803096204,"All",2014
"73",2014-05-27,718404.316504055,8349.5591899273,"All",2014
"74",2014-06-03,727228.615153617,8824.29864956217,"All",2014
"75",2014-06-10,736917.284105966,9688.66895234853,"All",2014
"76",2014-06-17,745998.239676164,9080.95557019836,"All",2014
"77",2014-06-24,754924.118705413,8925.87902924872,"All",2014
"78",2014-07-01,763771.329233963,8847.21052854997,"All",2014
"79",2014-07-08,772489.829664858,8718.5004308956,"All",2014
"80",2014-07-15,781492.083885029,9002.25422017102,"All",2014
"81",2014-07-22,790550.61322068,9058.5293356505,"All",2014
"82",2014-07-29,799481.340783271,8930.72756259143,"All",2014
"83",2014-08-05,808309.268544194,8827.92776092258,"All",2014
"84",2014-08-12,817038.958217795,8729.68967360142,"All",2014
"85",2014-08-19,825953.519575878,8914.56135808304,"All",2014
"86",2014-08-26,834099.846860615,8146.32728473702,"All",2014
"87",2014-09-02,843058.579862126,8958.73300151096,"All",2014
"88",2014-09-09,852684.749142774,9626.16928064753,"All",2014
"89",2014-09-16,861799.790913717,9115.04177094297,"All",2014
"90",2014-09-23,870849.145511396,9049.35459767957,"All",2014
"91",2014-09-30,880038.306340989,9189.16082959226,"All",2014
"92",2014-10-07,889247.183060509,9208.87671952019,"All",2014
"93",2014-10-14,898559.830221641,9312.64716113172,"All",2014
"94",2014-10-21,908138.338618526,9578.50839688582,"All",2014
"95",2014-10-28,917731.156412125,9592.81779359886,"All",2014
"96",2014-11-04,927363.143604692,9631.98719256697,"All",2014
"97",2014-11-11,937367.07674928,10003.9331445879,"All",2014
"98",2014-11-18,947058.733071656,9691.65632237599,"All",2014
"99",2014-11-25,956694.107582171,9635.37451051478,"All",2014
"100",2014-12-02,966914.842430564,10220.7348483929,"All",2014
"101",2014-12-09,977107.155348635,10192.3129180711,"All",2014
"102",2014-12-16,988843.273784226,11736.118435591,"All",2014
"103",2014-12-23,998022.673712712,9179.39992848621,"All",2014
"104",2014-12-31,1009525.89802531,11503.2243125949,"All",2014
"105",2015-01-07,1025224.16374187,15698.265716566,"All",2015
"106",2015-01-14,1040663.10589933,15438.9421574563,"All",2015
"107",2015-01-21,1054791.21441008,14128.1085107515,"All",2015
"108",2015-01-28,1068014.61955073,13223.4051406458,"All",2015
"109",2015-02-04,1080226.12954445,12211.5099937203,"All",2015
"110",2015-02-11,1092105.41329189,11879.2837474465,"All",2015
"111",2015-02-18,1103633.47093229,11528.0576404007,"All",2015
"112",2015-02-25,1115062.35895561,11428.8880233122,"All",2015
"113",2015-03-04,1126580.60053391,11518.241578304,"All",2015
"114",2015-03-11,1137709.25057056,11128.6500366495,"All",2015
"115",2015-03-18,1148307.59543458,10598.344864019,"All",2015
"116",2015-03-25,1158965.53095643,10657.9355218522,"All",2015
"117",2015-04-01,1168335.03001083,9369.49905440304,"All",2015
"118",2015-04-08,1177888.38690111,9553.35689027328,"All",2015
"119",2015-04-15,1189326.81597074,11438.4290696348,"All",2015
"120",2015-04-22,1200264.9206445,10938.1046737535,"All",2015
"121",2015-04-29,1210600.06996439,10335.1493198993,"All",2015
"122",2015-05-06,1219641.82573699,9041.75577259669,"All",2015
"123",2015-05-13,1229457.36761242,9815.54187542829,"All",2015
"124",2015-05-20,1239884.14696202,10426.7793495974,"All",2015
"125",2015-05-27,1248290.90751327,8406.76055125496,"All",2015
"126",2015-06-03,1257913.45330559,9622.54579232167,"All",2015
"127",2015-06-10,1267782.68159671,9869.22829111991,"All",2015
"128",2015-06-17,1277091.61039501,9308.92879830021,"All",2015
"129",2015-06-24,1286313.48323722,9221.87284220988,"All",2015
"130",2015-07-01,1295518.79193306,9205.30869583413,"All",2015
"131",2015-07-08,1304608.45690226,9089.66496920562,"All",2015
"132",2015-07-15,1313447.03935002,8838.58244775212,"All",2015
"133",2015-07-22,1322253.26616415,8806.22681412962,"All",2015
"134",2015-07-29,1330899.94264063,8646.67647648719,"All",2015
"135",2015-08-05,1339656.19067857,8756.24803793943,"All",2015
"136",2015-08-12,1348761.23633604,9105.04565746919,"All",2015
"137",2015-08-19,1357869.40916677,9108.17283072625,"All",2015
"138",2015-08-26,1367071.87626803,9202.46710125823,"All",2015
"139",2015-09-02,1375087.35981361,8015.48354558228,"All",2015
"140",2015-09-09,1383955.68156209,8868.32174848253,"All",2015
"141",2015-09-16,1393146.56991471,9190.88835261553,"All",2015
"142",2015-09-23,1402552.86093652,9406.29102181317,"All",2015
"143",2015-09-30,1411983.2662226,9430.40528607951,"All",2015
"144",2015-10-07,1421683.25201565,9699.98579305271,"All",2015
"145",2015-10-14,1431262.83067106,9579.57865541242,"All",2015
"146",2015-10-21,1440919.55941088,9656.7287398167,"All",2015
"147",2015-10-28,1450540.27570874,9620.716297857,"All",2015
"148",2015-11-04,1460432.19489703,9891.91918828851,"All",2015
"149",2015-11-11,1470416.73479062,9984.53989359573,"All",2015
"150",2015-11-18,1480281.62978888,9864.89499826147,"All",2015
"151",2015-11-25,1490037.88308008,9756.25329120108,"All",2015
"152",2015-12-02,1500296.82331352,10258.9402334359,"All",2015
"153",2015-12-09,1510543.93153755,10247.1082240345,"All",2015
"154",2015-12-16,1521248.27269369,10704.3411561397,"All",2015
"155",2015-12-23,1530706.40917455,9458.13648085273,"All",2015
"156",2015-12-31,1538983.68378032,8277.27460577455,"All",2015
"157",2016-01-07,1551508.81472059,12525.130940268,"All",2016
"158",2016-01-14,1563345.410107,11836.5953864076,"All",2016
"159",2016-01-21,1574737.41074063,11392.0006336358,"All",2016
"160",2016-01-28,1586118.62623076,11381.2154901281,"All",2016
"161",2016-02-04,1597168.46334507,11049.8371143064,"All",2016
"162",2016-02-11,1608367.91397497,11199.4506299056,"All",2016
"163",2016-02-18,1619000.69125067,10632.7772756924,"All",2016
"164",2016-02-25,1629963.94492907,10963.2536784036,"All",2016
"165",2016-03-03,1641268.5261176,11304.5811885356,"All",2016
"166",2016-03-10,1652282.58325357,11014.0571359675,"All",2016
"167",2016-03-17,1663396.753113,11114.1698594303,"All",2016
"168",2016-03-24,1673167.56464427,9770.81153126759,"All",2016
"169",2016-03-31,1683248.33233324,10080.7676889692,"All",2016
"170",2016-04-07,1694735.27803443,11486.9457011938,"All",2016
"171",2016-04-14,1706235.77127247,11500.4932380342,"All",2016
"172",2016-04-21,1717205.27535966,10969.5040871941,"All",2016
"173",2016-04-28,1727784.98151629,10579.7061566298,"All",2016
"174",2016-05-05,1736932.33210287,9147.35058657848,"All",2016
"175",2016-05-12,1747424.86208389,10492.5299810215,"All",2016
"176",2016-05-19,1757476.4236432,10051.561559306,"All",2016
"177",2016-05-26,1767371.54246868,9895.1188254864,"All",2016
"178",2016-06-02,1775340.64846457,7969.10599589115,"All",2016
"179",2016-06-09,1784976.19020363,9635.54173905333,"All",2016
"180",2016-06-16,1794487.06302412,9510.87282049027,"All",2016
"181",2016-06-23,1803827.77052789,9340.70750376768,"All",2016
"182",2016-06-30,1813090.37673023,9262.60620233999,"All",2016
"183",2016-07-07,1822213.93246375,9123.55573351961,"All",2016
"184",2016-07-14,1831576.49399788,9362.56153413514,"All",2016
"185",2016-07-21,1840936.03323569,9359.53923781123,"All",2016
"186",2016-07-28,1850281.53049375,9345.49725806084,"All",2016
"187",2016-08-04,1859476.02263186,9194.4921381087,"All",2016
"188",2016-08-11,1868665.34982428,9189.32719241967,"All",2016
"189",2016-08-18,1877696.60139463,9031.25157034677,"All",2016
"190",2016-08-25,1887110.46617155,9413.86477692216,"All",2016
"191",2016-09-01,1895089.43187835,7978.96570680407,"All",2016
"192",2016-09-08,1904298.08619841,9208.65432005911,"All",2016
"193",2016-09-15,1913519.06297814,9220.97677972331,"All",2016
"194",2016-09-22,1922461.56567913,8942.50270098937,"All",2016
"195",2016-09-29,1931437.86672518,8976.30104605714,"All",2016
"196",2016-10-06,1940668.99949011,9231.13276492851,"All",2016
"197",2016-10-13,1950342.81461466,9673.81512454967,"All",2016
"198",2016-10-20,1960125.27557894,9782.46096427785,"All",2016
"199",2016-10-27,1969827.94604334,9702.67046440253,"All",2016
"200",2016-11-03,1979913.48252175,10085.536478404,"All",2016
"201",2016-11-10,1990345.91395714,10432.4314353927,"All",2016
"202",2016-11-17,2001018.56427361,10672.6503164682,"All",2016
"203",2016-11-24,2011668.89017292,10650.3258993174,"All",2016
"204",2016-12-01,2022044.04704636,10375.1568734345,"All",2016
"205",2016-12-08,2033264.44350753,11220.3964611718,"All",2016
"206",2016-12-15,2043748.23140165,10483.7878941232,"All",2016
"207",2016-12-22,2055416.88161472,11668.6502130642,"All",2016
"208",2016-12-30,2064846,9429.11838528211,"All",2016
"209",2017-01-07,2078773.90562778,13927.9056277836,"All",2017
"210",2017-01-14,2092522.01671994,13748.1110921539,"All",2017
"211",2017-01-21,2106047.48230296,13525.4655830248,"All",2017
"212",2017-01-28,2118834.74211486,12787.2598118987,"All",2017
"213",2017-02-04,2131301.49092856,12466.7488136948,"All",2017
"214",2017-02-11,2143481.73440415,12180.243475595,"All",2017
"215",2017-02-18,2155116.99419536,11635.259791214,"All",2017
"216",2017-02-25,2166874.3004762,11757.3062808323,"All",2017
"217",2017-03-04,2178068.61148002,11194.3110038238,"All",2017
"218",2017-03-11,2189111.03202937,11042.4205493541,"All",2017
"219",2017-03-18,2199751.73270569,10640.7006763117,"All",2017
"220",2017-03-25,2210014.90595254,10263.1732468563,"All",2017
"221",2017-04-01,2220063.29654537,10048.3905928233,"All",2017
"222",2017-04-08,2229821.41807007,9758.12152470741,"All",2017
"223",2017-04-15,2238287.50056209,8466.08249202091,"All",2017
"224",2017-04-22,2248245.37851537,9957.87795327324,"All",2017
"225",2017-04-29,2258957.31190705,10711.9333916791,"All",2017
"226",2017-05-06,2268072.02983312,9114.71792607382,"All",2017
"227",2017-05-13,2278862.65913948,10790.6293063583,"All",2017
"228",2017-05-20,2289115.8525594,10253.1934199207,"All",2017
"229",2017-05-27,2298922.49038969,9806.63783028536,"All",2017
"230",2017-06-03,2307308.48908886,8385.9986991724,"All",2017
"231",2017-06-10,2317152.29086421,9843.80177535722,"All",2017
"232",2017-06-17,2326492.69730851,9340.40644429671,"All",2017
"233",2017-06-24,2336125.51173847,9632.81442996301,"All",2017
"234",2017-07-01,2345417.10704954,9291.59531106986,"All",2017
"235",2017-07-08,2354701.39242486,9284.28537531942,"All",2017
"236",2017-07-15,2364062.28826558,9360.89584071469,"All",2017
"237",2017-07-22,2373128.30290932,9066.01464374596,"All",2017
"238",2017-07-29,2382004.34557817,8876.04266884923,"All",2017
"239",2017-08-05,2390959.46638148,8955.12080330634,"All",2017
"240",2017-08-12,2400016.49151981,9057.02513833251,"All",2017
"241",2017-08-19,2409387.74246638,9371.25094657112,"All",2017
"242",2017-08-26,2418594.92636976,9207.18390337192,"All",2017
"243",2017-09-02,2426808.8727543,8213.94638454774,"All",2017
"244",2017-09-09,2436416.62926026,9607.75650595827,"All",2017
"245",2017-09-16,2445841.19329503,9424.56403476791,"All",2017
"246",2017-09-23,2455405.42846341,9564.23516838159,"All",2017
"247",2017-09-30,2465107.81879885,9702.39033543738,"All",2017
"248",2017-10-07,2474902.95814877,9795.13934992626,"All",2017
"249",2017-10-14,2484872.63140489,9969.67325611087,"All",2017
"250",2017-10-21,2494870.97104218,9998.33963729255,"All",2017
"251",2017-10-28,2504604.02961591,9733.05857372843,"All",2017
"252",2017-11-04,2514655.96588778,10051.9362718761,"All",2017
"253",2017-11-11,2525001.86485046,10345.8989626737,"All",2017
"254",2017-11-18,2535310.01494363,10308.1500931727,"All",2017
"255",2017-11-25,2545939.43689106,10629.4219474341,"All",2017
"256",2017-12-02,2556499.24915393,10559.8122628625,"All",2017
"257",2017-12-09,2567272.72101218,10773.4718582588,"All",2017
"258",2017-12-16,2578802.79391104,11530.072898855,"All",2017
"259",2017-12-23,2590853.87010751,12051.076196467,"All",2017
"260",2017-12-31,2601047.22883982,10193.358732312,"All",2017
"261",2018-01-07,2614959.11838904,13911.889549226,"All",2018
"262",2018-01-14,2629909.81072354,14950.6923344936,"All",2018
"263",2018-01-21,2644007.65037861,14097.8396550724,"All",2018
"264",2018-01-28,2657816.01633345,13808.3659548373,"All",2018
"265",2018-02-04,2670857.26387944,13041.2475459874,"All",2018
"266",2018-02-11,2683201.219694,12343.9558145655,"All",2018
"267",2018-02-18,2695527.83110549,12326.6114114942,"All",2018
"268",2018-02-25,2707200.37133591,11672.54023042,"All",2018
"269",2018-03-04,2718476.13544589,11275.7641099738,"All",2018
"270",2018-03-11,2731693.76034992,13217.6249040291,"All",2018
"271",2018-03-18,2744298.5345247,12604.7741747848,"All",2018
"272",2018-03-25,2755621.51554544,11322.9810207393,"All",2018
"273",2018-04-01,2765488.35373085,9866.83818540676,"All",2018
"274",2018-04-08,2776851.07827752,11362.7245466714,"All",2018
"275",2018-04-15,2789058.81712409,12207.7388465661,"All",2018
"276",2018-04-22,2799884.83689961,10826.0197755196,"All",2018
"277",2018-04-29,2810215.51166233,10330.6747627254,"All",2018
"278",2018-05-06,2819886.83948314,9671.32782080956,"All",2018
"279",2018-05-13,2828737.29658587,8850.45710272528,"All",2018
"280",2018-05-20,2839071.60974191,10334.3131560446,"All",2018
"281",2018-05-27,2848104.3548255,9032.74508359144,"All",2018
"282",2018-06-03,2856620.67066454,8516.31583903497,"All",2018
"283",2018-06-10,2866639.01790994,10018.3472453998,"All",2018
"284",2018-06-17,2875842.59005723,9203.57214729721,"All",2018
"285",2018-06-24,2885109.31865413,9266.72859689826,"All",2018
"286",2018-07-01,2894317.17322711,9207.8545729802,"All",2018
"287",2018-07-08,2903602.4257552,9285.2525280905,"All",2018
"288",2018-07-15,2912852.86427686,9250.43852165435,"All",2018
"289",2018-07-22,2921970.23375544,9117.36947858706,"All",2018
"290",2018-07-29,2931102.05492877,9131.82117332658,"All",2018
"291",2018-08-05,2940343.09171898,9241.0367902061,"All",2018
"292",2018-08-12,2949519.18169386,9176.08997488767,"All",2018
"293",2018-08-19,2958428.56926067,8909.38756680302,"All",2018
"294",2018-08-26,2967051.37508271,8622.80582204042,"All",2018
"295",2018-09-02,2975214.02661841,8162.65153570566,"All",2018
"296",2018-09-09,2984777.82456609,9563.79794767266,"All",2018
"297",2018-09-16,2993934.7684117,9156.94384561619,"All",2018
"298",2018-09-23,3003212.46038769,9277.69197598472,"All",2018
"299",2018-09-30,3012422.85067895,9210.39029126056,"All",2018
"300",2018-10-07,3021989.04360206,9566.19292311277,"All",2018
"301",2018-10-14,3031708.3393443,9719.29574223654,"All",2018
"302",2018-10-21,3041541.57861259,9833.23926829034,"All",2018
"303",2018-10-28,3051056.78935404,9515.2107414538,"All",2018
"304",2018-11-04,3060738.23190128,9681.4425472361,"All",2018
"305",2018-11-11,3070977.65330324,10239.4214019631,"All",2018
"306",2018-11-18,3081098.67092075,10121.0176175069,"All",2018
"307",2018-11-25,3091034.57263476,9935.90171401482,"All",2018
"308",2018-12-02,3101160.08810289,10125.5154681248,"All",2018
"309",2018-12-09,3111420.631805,10260.5437021148,"All",2018
"310",2018-12-16,3122436.14561005,11015.5138050485,"All",2018
"311",2018-12-23,3132388.10936996,9951.96375990706,"All",2018
"312",2018-12-31,3141459.64596841,9071.5365984533,"All",2018
"313",2019-01-07,3153695.55478501,12235.9088165993,"All",2019
"314",2019-01-14,3166026.93664082,12331.3818558105,"All",2019
"315",2019-01-21,3177794.64034267,11767.70370185,"All",2019
"316",2019-01-28,3189335.8110264,11541.1706837281,"All",2019
"317",2019-02-04,3200707.45957506,11371.6485486608,"All",2019
"318",2019-02-11,3212529.84921564,11822.3896405795,"All",2019
"319",2019-02-18,3224158.67417463,11628.8249589913,"All",2019
"320",2019-02-25,3235297.27624327,11138.6020686445,"All",2019
"321",2019-03-04,3246298.75146452,11001.4752212414,"All",2019
"322",2019-03-11,3257047.849094,10749.0976294805,"All",2019
"323",2019-03-18,3267565.38860265,10517.5395086496,"All",2019
"324",2019-03-25,3277725.69562078,10160.3070181371,"All",2019
"325",2019-04-01,3287596.67731072,9870.98168994021,"All",2019
"326",2019-04-08,3297961.19571941,10364.5184086906,"All",2019
"327",2019-04-15,3307682.24243553,9721.04671611357,"All",2019
"328",2019-04-22,3316838.14940728,9155.90697175264,"All",2019
"329",2019-04-29,3327740.4602269,10902.3108196175,"All",2019
"330",2019-05-06,3338042.81434985,10302.3541229544,"All",2019
"331",2019-05-13,3347288.8275632,9246.01321334578,"All",2019
"332",2019-05-20,3357995.61300669,10706.7854434885,"All",2019
"333",2019-05-27,3367200.20729052,9204.59428383643,"All",2019
"334",2019-06-03,3376101.89019274,8901.68290221551,"All",2019
"335",2019-06-10,3386210.59637001,10108.7061772733,"All",2019
"336",2019-06-17,3395502.21120768,9291.61483767116,"All",2019
"337",2019-06-24,3405065.72789547,9563.51668778434,"All",2019
"338",2019-07-01,3414372.27954281,9306.55164734321,"All",2019
"339",2019-07-08,3423444.87113446,9072.59159164783,"All",2019
"340",2019-07-15,3432609.41667737,9164.54554291675,"All",2019
"341",2019-07-22,3441668.08023184,9058.66355447005,"All",2019
"342",2019-07-29,3450865.60641857,9197.52618672512,"All",2019
"343",2019-08-05,3460097.1471551,9231.54073652904,"All",2019
"344",2019-08-12,3469168.2918415,9071.14468639996,"All",2019
"345",2019-08-19,3478326.48139727,9158.18955577211,"All",2019
"346",2019-08-26,3486861.54350236,8535.06210508989,"All",2019
"347",2019-09-02,3495645.12010349,8783.57660112809,"All",2019
"348",2019-09-09,3505446.76325569,9801.64315220434,"All",2019
"349",2019-09-16,3514862.12133438,9415.35807868512,"All",2019
"350",2019-09-23,3524321.47735431,9459.35601993557,"All",2019
"351",2019-09-30,3533950.82056032,9629.34320600377,"All",2019
"352",2019-10-07,3543830.98384465,9880.16328433016,"All",2019
"353",2019-10-14,3553902.97292406,10071.9890794163,"All",2019
"354",2019-10-21,3564020.07198096,10117.0990568968,"All",2019
"355",2019-10-28,3574031.09192177,10011.0199408103,"All",2019
"356",2019-11-04,3584446.19881592,10415.1068941476,"All",2019
"357",2019-11-11,3595156.43642971,10710.2376137949,"All",2019
"358",2019-11-18,3605875.26246231,10718.8260325966,"All",2019
"359",2019-11-25,3616826.07057236,10950.8081100453,"All",2019
"360",2019-12-02,3627745.17244943,10919.1018770761,"All",2019
"361",2019-12-09,3638500.5982305,10755.4257810679,"All",2019
"362",2019-12-16,3650537.08185889,12036.4836283904,"All",2019
"363",2019-12-23,3660325.82943598,9788.74757709075,"All",2019
"364",2019-12-31,3670955.04568331,10629.2162473327,"All",2019
"365",2020-01-07,3684881.75695129,13926.7112679714,"All",2020
"366",2020-01-14,3698453.51251738,13571.7555660922,"All",2020
"367",2020-01-21,3710687.67402877,12234.1615113909,"All",2020
"368",2020-01-28,3722392.14122178,11704.4671930093,"All",2020
"369",2020-02-04,3733638.32085089,11246.1796291084,"All",2020
"370",2020-02-11,3744553.74738634,10915.426535455,"All",2020
"371",2020-02-18,3755452.45053669,10898.7031503529,"All",2020
"372",2020-02-25,3766262.82072927,10810.3701925795,"All",2020
"373",2020-03-03,3777108.46771239,10845.6469831197,"All",2020
"374",2020-03-10,3788098.94982057,10990.4821081785,"All",2020
"375",2020-03-17,3798997.13825313,10898.1884325631,"All",2020
"376",2020-03-24,3809368.74789575,10371.6096426179,"All",2020
"377",2020-03-31,3823509.4736624,14140.7257666448,"All",2020
"378",2020-04-07,3841199.55570539,17690.0820429903,"All",2020
"379",2020-04-14,3861992.88952188,20793.3338164962,"All",2020
"380",2020-04-21,3884726.71419542,22733.8246735325,"All",2020
"381",2020-04-28,3904872.10792386,20145.3937284406,"All",2020
"382",2020-05-05,3919149.48967767,14277.3817538116,"All",2020
"383",2020-05-12,3932701.9800127,13552.4903350305,"All",2020
"384",2020-05-19,3946509.62817241,13807.6481597112,"All",2020
"385",2020-05-26,3956966.16910524,10456.5409328304,"All",2020
"386",2020-06-02,3967223.15313257,10256.984027334,"All",2020
"387",2020-06-09,3977678.68483676,10455.5317041893,"All",2020
"388",2020-06-16,3987230.97924049,9552.29440372344,"All",2020
"389",2020-06-23,3996297.51190391,9066.53266342403,"All",2020
"390",2020-06-30,4005397.81862492,9100.30672100605,"All",2020
"391",2020-07-07,4014283.06490837,8885.24628345529,"All",2020
"392",2020-07-14,4022999.60104188,8716.53613351006,"All",2020
"393",2020-07-21,4031877.97407278,8878.37303090096,"All",2020
"394",2020-07-28,4040811.54639876,8933.57232597657,"All",2020
"395",2020-08-04,4049721.98318932,8910.43679055804,"All",2020
"396",2020-08-11,4058898.41880315,9176.43561383104,"All",2020
"397",2020-08-18,4068481.26579633,9582.84699318465,"All",2020
"398",2020-08-25,4077972.13608732,9490.87029098254,"All",2020
"399",2020-09-01,4085962.63591854,7990.49983122246,"All",2020
"400",2020-09-08,4094841.86542803,8879.2295094924,"All",2020
"401",2020-09-15,4104696.98108654,9855.11565850535,"All",2020
"402",2020-09-22,4114164.53675643,9467.5556698977,"All",2020
"403",2020-09-29,4124026.49579443,9861.9590379959,"All",2020
"404",2020-10-06,4133940.78327284,9914.28747841017,"All",2020
"405",2020-10-13,4144205.30114336,10264.5178705221,"All",2020
"406",2020-10-20,4154920.49028782,10715.1891444572,"All",2020
"407",2020-10-27,4165661.91846338,10741.4281755555,"All",2020
"408",2020-11-03,4177062.9378995,11401.0194361201,"All",2020
"409",2020-11-10,4189181.90136721,12118.9634677195,"All",2020
"410",2020-11-17,4201624.39540716,12442.4940399402,"All",2020
"411",2020-11-24,4214143.03887006,12518.6434629001,"All",2020
"412",2020-12-01,4226522.96806306,12379.9291930078,"All",2020
"413",2020-12-08,4238716.7069535,12193.7388904337,"All",2020
"414",2020-12-15,4251489.49566814,12772.7887146445,"All",2020
"415",2020-12-22,4264066.84681709,12577.3511489481,"All",2020
"416",2020-12-30,4275213.53676089,11146.6899437979,"All",2020
"417",2021-01-07,4293686.17469287,18472.6379319848,"All",2021
"418",2021-01-14,4311881.78328568,18195.6085928092,"All",2021
"419",2021-01-21,4330434.22277665,18552.4394909674,"All",2021
"420",2021-01-28,4348999.5938293,18565.3710526526,"All",2021
"421",2021-02-04,4366419.21531723,17419.6214879267,"All",2021
"422",2021-02-11,4382034.42536826,15615.2100510327,"All",2021
"423",2021-02-18,4396036.20857416,14001.7832058994,"All",2021
"424",2021-02-25,4408813.41380449,12777.2052303273,"All",2021
"425",2021-03-04,4420521.06040614,11707.6466016527,"All",2021
"426",2021-03-11,4431604.37372547,11083.313319332,"All",2021
"427",2021-03-18,4441960.54964824,10356.1759227691,"All",2021
"428",2021-03-25,4452155.946632,10195.3969837585,"All",2021
"429",2021-04-01,4460523.65216195,8367.70552995242,"All",2021
"430",2021-04-08,4469365.51469104,8841.86252908502,"All",2021
"431",2021-04-15,4479736.46691646,10370.9522254262,"All",2021
"432",2021-04-22,4489734.68761395,9998.22069748957,"All",2021
"433",2021-04-29,4499593.67184055,9858.98422659934,"All",2021
"434",2021-05-06,4507608.13814337,8014.46630282141,"All",2021
"435",2021-05-13,4517511.227481,9903.08933762554,"All",2021
"436",2021-05-20,4527449.86155362,9938.63407262322,"All",2021
"437",2021-05-27,4537250.91231034,9801.05075672176,"All",2021
"438",2021-06-03,4545056.22681433,7805.31450398825,"All",2021
"439",2021-06-10,4554975.6731437,9919.44632936548,"All",2021
"440",2021-06-17,4564652.71326394,9677.0401202403,"All",2021
"441",2021-06-24,4573393.3192816,8740.60601766035,"All",2021
"442",2021-07-01,4582111.50523649,8718.18595489208,"All",2021
"443",2021-07-08,4591767.76181326,9656.25657676533,"All",2021
"444",2021-07-15,4601500.70698571,9732.94517244957,"All",2021
"445",2021-07-22,4611203.13327599,9702.42629028764,"All",2021
"446",2021-07-29,4621301.12434181,10097.991065816,"All",2021
"447",2021-08-05,4631469.11279701,10167.9884551959,"All",2021
"448",2021-08-12,4641859.36324568,10390.2504486768,"All",2021
"449",2021-08-19,4651861.61206283,10002.2488171514,"All",2021
"450",2021-08-26,4662233.15351756,10371.5414547287,"All",2021
"451",2021-09-02,4671049.03042669,8815.87690912373,"All",2021
"452",2021-09-09,4681787.50320135,10738.4727746658,"All",2021
"453",2021-09-16,4692894.53694283,11107.0337414835,"All",2021
"454",2021-09-23,4703609.32278824,10714.7858454064,"All",2021
"455",2021-09-30,4714119.9357526,10510.6129643545,"All",2021
"456",2021-10-07,4724868.88755414,10748.9518015478,"All",2021
"457",2021-10-14,4735997.23997835,11128.3524242081,"All",2021
"458",2021-10-21,4747329.44116219,11332.2011838369,"All",2021
"459",2021-10-28,4758322.66009593,10993.2189337388,"All",2021
"460",2021-11-04,4769770.09629667,11447.4362007407,"All",2021
"461",2021-11-11,4781767.46492148,11997.3686248139,"All",2021
"462",2021-11-18,4793920.30640807,12152.8414865918,"All",2021
"463",2021-11-25,4805448.95084564,11528.6444375664,"All",2021
"464",2021-12-02,4817048.0884601,11599.137614456,"All",2021
"465",2021-12-09,4828964.48540144,11916.3969413433,"All",2021
"466",2021-12-16,4841173.02241228,12208.5370108401,"All",2021
"467",2021-12-23,4854510.25293778,13337.2305255011,"All",2021
"468",2021-12-31,4864558,10047.7470622193,"All",2021
"469",2022-01-07,4876820,12262,"All",2022
"470",2022-01-14,4890131,13311,"All",2022
"471",2022-01-21,4902907,12776,"All",2022
"472",2022-01-28,4915308,12401,"All",2022
"473",2022-02-04,4927170,11862,"All",2022
"474",2022-02-11,4938728,11558,"All",2022
"475",2022-02-18,4949999,11271,"All",2022
"476",2022-02-25,4961149,11150,"All",2022
"477",2022-03-04,4972374,11225,"All",2022
"478",2022-03-11,4983601,11227,"All",2022
"479",2022-03-18,4994528,10927,"All",2022
"480",2022-03-25,5005273,10745,"All",2022
"481",2022-04-01,5015113,9840,"All",2022
"482",2022-04-08,5025800,10687,"All",2022
"483",2022-04-15,5035719,9919,"All",2022
"484",2022-04-22,5046399,10680,"All",2022
"485",2022-04-29,5058840,12441,"All",2022
"486",2022-05-06,5068781,9941,"All",2022
"487",2022-05-13,5080829,12048,"All",2022
"488",2022-05-20,5092349,11520,"All",2022
"489",2022-05-27,5103209,10860,"All",2022
"490",2022-06-03,5110034,6825,"All",2022
"491",2022-06-10,5121776,11742,"All",2022
"492",2022-06-17,5132620,10844,"All",2022
"493",2022-06-24,5143456,10836,"All",2022
"494",2022-07-01,5153813,10357,"All",2022
"495",2022-07-08,5164045,10232,"All",2022
"496",2022-07-15,5174560,10515,"All",2022
"497",2022-07-22,5185538,10978,"All",2022
"498",2022-07-29,5196551,11013,"All",2022
"499",2022-08-05,5207249,10698,"All",2022
"500",2022-08-12,5217604,10355,"All",2022
"501",2022-08-19,5228586,10982,"All",2022
"502",2022-08-26,5239528,10942,"All",2022
"503",2022-09-02,5248396,8868,"All",2022
"504",2022-09-09,5259149,10753,"All",2022
"505",2022-09-16,5269822,10673,"All",2022
"506",2022-09-23,5278573,8751,"All",2022
"507",2022-09-30,5289533,10960,"All",2022
"508",2022-10-07,5300740,11207,"All",2022
"509",2022-10-14,5312439,11699,"All",2022
"510",2022-10-21,5324377,11938,"All",2022
"511",2022-10-28,5335622,11245,"All",2022
"512",2022-11-04,5347417,11795,"All",2022
"513",2022-11-11,5358955,11538,"All",2022
"514",2022-11-18,5370534,11579,"All",2022
"515",2022-11-25,5382017,11483,"All",2022
"516",2022-12-02,5393324,11307,"All",2022
"517",2022-12-09,5405018,11694,"All",2022
"518",2022-12-16,5417407,12389,"All",2022
"519",2022-12-23,5431937,14530,"All",2022
"520",2022-12-31,5441945.90743806,10008.9074380631,"All",2022
"521",2013-01-07,9259.65448589336,6417.42857142857,"Female",2013
"522",2013-01-14,15425.9673666812,6166.31288078782,"Female",2013
"523",2013-01-21,21266.7763389271,5840.80897224592,"Female",2013
"524",2013-01-28,27225.632816969,5958.85647804189,"Female",2013
"525",2013-02-04,33073.77402585,5848.141208881,"Female",2013
"526",2013-02-11,38841.2798259867,5767.50580013674,"Female",2013
"527",2013-02-18,44588.7539005238,5747.47407453704,"Female",2013
"528",2013-02-25,50238.6083620056,5649.85446148187,"Female",2013
"529",2013-03-04,55982.1012811913,5743.49291918564,"Female",2013
"530",2013-03-11,61924.2809738707,5942.1796926794,"Female",2013
"531",2013-03-18,67910.3404209937,5986.05944712301,"Female",2013
"532",2013-03-25,73291.9491788893,5381.60875789561,"Female",2013
"533",2013-04-01,78336.6966826911,5044.74750380182,"Female",2013
"534",2013-04-08,84428.6430990926,6091.94641640151,"Female",2013
"535",2013-04-15,90754.0953524253,6325.4522533327,"Female",2013
"536",2013-04-22,96596.7597477659,5842.6643953406,"Female",2013
"537",2013-04-29,101997.200933479,5400.44118571302,"Female",2013
"538",2013-05-06,106811.873836103,4814.67290262364,"Female",2013
"539",2013-05-13,111433.539873714,4621.66603761166,"Female",2013
"540",2013-05-20,116505.573083035,5072.03320932041,"Female",2013
"541",2013-05-27,121060.584703768,4555.01162073351,"Female",2013
"542",2013-06-03,125609.717839502,4549.13313573391,"Female",2013
"543",2013-06-10,130384.756766212,4775.03892670991,"Female",2013
"544",2013-06-17,134858.803200606,4474.04643439437,"Female",2013
"545",2013-06-24,139332.351131071,4473.54793046476,"Female",2013
"546",2013-07-01,143750.506560824,4418.1554297524,"Female",2013
"547",2013-07-08,148134.908339921,4384.4017790971,"Female",2013
"548",2013-07-15,152452.594773372,4317.68643345105,"Female",2013
"549",2013-07-22,156920.391866884,4467.79709351275,"Female",2013
"550",2013-07-29,161221.202190578,4300.81032369329,"Female",2013
"551",2013-08-05,165395.006367889,4173.80417731174,"Female",2013
"552",2013-08-12,169544.445807252,4149.43943936288,"Female",2013
"553",2013-08-19,173885.364922052,4340.91911479947,"Female",2013
"554",2013-08-26,178043.281093462,4157.91617141003,"Female",2013
"555",2013-09-02,182183.630237629,4140.34914416683,"Female",2013
"556",2013-09-09,186620.372883137,4436.74264550861,"Female",2013
"557",2013-09-16,190783.913215245,4163.54033210778,"Female",2013
"558",2013-09-23,195325.309532851,4541.39631760554,"Female",2013
"559",2013-09-30,200090.181014869,4764.87148201809,"Female",2013
"560",2013-10-07,204642.762326042,4552.58131117342,"Female",2013
"561",2013-10-14,209219.871721779,4577.10939573721,"Female",2013
"562",2013-10-21,213973.957783925,4754.086062146,"Female",2013
"563",2013-10-28,218631.912302869,4657.95451894414,"Female",2013
"564",2013-11-04,223321.59708623,4689.68478336025,"Female",2013
"565",2013-11-11,228222.961742882,4901.3646566527,"Female",2013
"566",2013-11-18,233166.736700258,4943.77495737592,"Female",2013
"567",2013-11-25,237952.878628096,4786.14192783774,"Female",2013
"568",2013-12-02,242832.958699894,4880.08007179789,"Female",2013
"569",2013-12-09,247846.677242882,5013.71854298818,"Female",2013
"570",2013-12-16,253281.851279015,5435.17403613278,"Female",2013
"571",2013-12-23,257536.853501117,4255.00222210167,"Female",2013
"572",2013-12-31,262715.447978737,5178.59447762003,"Female",2013
"573",2014-01-07,269133.524271857,6418.07629312086,"Female",2014
"574",2014-01-14,275033.078840539,5899.55456868163,"Female",2014
"575",2014-01-21,280515.338208552,5482.25936801272,"Female",2014
"576",2014-01-28,285782.291357324,5266.95314877183,"Female",2014
"577",2014-02-04,291013.400152241,5231.10879491753,"Female",2014
"578",2014-02-11,296191.358762575,5177.95861033362,"Female",2014
"579",2014-02-18,301433.482581716,5242.12381914153,"Female",2014
"580",2014-02-25,306806.562222513,5373.07964079705,"Female",2014
"581",2014-03-04,311989.213134644,5182.65091213083,"Female",2014
"582",2014-03-11,317105.981740367,5116.76860572328,"Female",2014
"583",2014-03-18,322222.75786307,5116.77612270205,"Female",2014
"584",2014-03-25,327124.88768199,4902.12981892034,"Female",2014
"585",2014-04-01,332083.096656784,4958.20897479454,"Female",2014
"586",2014-04-08,337068.542017403,4985.44536061876,"Female",2014
"587",2014-04-15,341356.222154069,4287.68013666617,"Female",2014
"588",2014-04-22,345641.158287602,4284.93613353278,"Female",2014
"589",2014-04-29,350986.958106601,5345.79981899861,"Female",2014
"590",2014-05-06,355747.114242263,4760.15613566234,"Female",2014
"591",2014-05-13,360267.060143006,4519.94590074272,"Female",2014
"592",2014-05-20,365231.40903411,4964.3488911044,"Female",2014
"593",2014-05-27,369473.991767201,4242.58273309044,"Female",2014
"594",2014-06-03,373912.930019536,4438.93825233571,"Female",2014
"595",2014-06-10,378723.18902929,4810.25900975335,"Female",2014
"596",2014-06-17,383241.955262722,4518.76623343216,"Female",2014
"597",2014-06-24,387751.345604954,4509.39034223213,"Female",2014
"598",2014-07-01,392213.05881892,4461.71321396582,"Female",2014
"599",2014-07-08,396587.025533361,4373.96671444102,"Female",2014
"600",2014-07-15,401108.290942681,4521.26540931978,"Female",2014
"601",2014-07-22,405741.035185713,4632.74424303189,"Female",2014
"602",2014-07-29,410296.235952953,4555.20076724066,"Female",2014
"603",2014-08-05,414848.942285274,4552.70633232041,"Female",2014
"604",2014-08-12,419268.895780588,4419.95349531452,"Female",2014
"605",2014-08-19,423763.23844077,4494.34266018239,"Female",2014
"606",2014-08-26,427959.564450499,4196.32600972854,"Female",2014
"607",2014-09-02,432589.836118749,4630.27166825038,"Female",2014
"608",2014-09-09,437437.158129897,4847.32201114763,"Female",2014
"609",2014-09-16,442051.026988485,4613.8688585877,"Female",2014
"610",2014-09-23,446663.780563394,4612.75357490976,"Female",2014
"611",2014-09-30,451345.742886217,4681.96232282289,"Female",2014
"612",2014-10-07,456053.819320308,4708.07643409021,"Female",2014
"613",2014-10-14,460772.008987071,4718.18966676365,"Female",2014
"614",2014-10-21,465646.007705168,4873.99871809717,"Female",2014
"615",2014-10-28,470578.100133946,4932.09242877777,"Female",2014
"616",2014-11-04,475503.084470417,4924.98433647107,"Female",2014
"617",2014-11-11,480627.661109749,5124.57663933217,"Female",2014
"618",2014-11-18,485586.081586212,4958.42047646258,"Female",2014
"619",2014-11-25,490489.330329659,4903.24874344724,"Female",2014
"620",2014-12-02,495702.008173868,5212.67784420913,"Female",2014
"621",2014-12-09,500949.788578366,5247.78040449752,"Female",2014
"622",2014-12-16,507038.889990802,6089.10141243634,"Female",2014
"623",2014-12-23,511870.249126064,4831.35913526162,"Female",2014
"624",2014-12-31,518068.800368774,6198.55124270992,"Female",2014
"625",2015-01-07,526586.939951328,8518.13958255434,"Female",2015
"626",2015-01-14,534964.119126205,8377.17917487724,"Female",2015
"627",2015-01-21,542575.300745017,7611.18161881145,"Female",2015
"628",2015-01-28,549616.514628422,7041.21388340474,"Female",2015
"629",2015-02-04,556013.258817099,6396.7441886774,"Female",2015
"630",2015-02-11,562134.843689188,6121.58487208956,"Female",2015
"631",2015-02-18,568143.197329937,6008.35364074889,"Female",2015
"632",2015-02-25,574123.684775319,5980.48744538135,"Female",2015
"633",2015-03-04,580135.238495901,6011.55372058251,"Female",2015
"634",2015-03-11,586074.792727957,5939.55423205532,"Female",2015
"635",2015-03-18,591625.007501893,5550.21477393678,"Female",2015
"636",2015-03-25,597165.66997584,5540.66247394681,"Female",2015
"637",2015-04-01,602035.286355679,4869.61637983879,"Female",2015
"638",2015-04-08,607010.199178704,4974.9128230249,"Female",2015
"639",2015-04-15,612930.459203558,5920.26002485456,"Female",2015
"640",2015-04-22,618584.485872952,5654.02666939341,"Female",2015
"641",2015-04-29,623855.238704051,5270.75283109955,"Female",2015
"642",2015-05-06,628437.50974816,4582.27104410913,"Female",2015
"643",2015-05-13,633435.305393685,4997.79564552498,"Female",2015
"644",2015-05-20,638703.085003628,5267.77960994269,"Female",2015
"645",2015-05-27,642940.751093259,4237.66608963127,"Female",2015
"646",2015-06-03,647938.108874063,4997.35778080369,"Female",2015
"647",2015-06-10,652947.857142267,5009.74826820358,"Female",2015
"648",2015-06-17,657737.503373197,4789.64623093011,"Female",2015
"649",2015-06-24,662356.08854862,4618.58517542272,"Female",2015
"650",2015-07-01,667072.171586844,4716.08303822449,"Female",2015
"651",2015-07-08,671636.044345987,4563.87275914301,"Female",2015
"652",2015-07-15,676093.686014631,4457.64166864369,"Female",2015
"653",2015-07-22,680523.526464295,4429.84044966428,"Female",2015
"654",2015-07-29,684911.986553845,4388.46008955047,"Female",2015
"655",2015-08-05,689267.667262014,4355.68070816889,"Female",2015
"656",2015-08-12,693822.350229001,4554.68296698667,"Female",2015
"657",2015-08-19,698409.917244722,4587.56701572111,"Female",2015
"658",2015-08-26,703080.674669661,4670.75742493919,"Female",2015
"659",2015-09-02,707093.611481881,4012.93681221921,"Female",2015
"660",2015-09-09,711533.689898444,4440.0784165631,"Female",2015
"661",2015-09-16,716220.3286328,4686.63873435627,"Female",2015
"662",2015-09-23,720975.013063068,4754.68443026836,"Female",2015
"663",2015-09-30,725755.117657201,4780.10459413286,"Female",2015
"664",2015-10-07,730751.3967746,4996.27911739855,"Female",2015
"665",2015-10-14,735612.939559269,4861.54278466955,"Female",2015
"666",2015-10-21,740435.11612535,4822.17656608066,"Female",2015
"667",2015-10-28,745277.922469944,4842.80634459376,"Female",2015
"668",2015-11-04,750400.914111493,5122.99164154974,"Female",2015
"669",2015-11-11,755435.214086998,5034.29997550463,"Female",2015
"670",2015-11-18,760335.669773751,4900.45568675268,"Female",2015
"671",2015-11-25,765276.474164938,4940.80439118727,"Female",2015
"672",2015-12-02,770473.287793903,5196.81362896482,"Female",2015
"673",2015-12-09,775722.642881025,5249.35508712253,"Female",2015
"674",2015-12-16,781270.006571209,5547.3636901835,"Female",2015
"675",2015-12-23,786157.841038221,4887.83446701209,"Female",2015
"676",2015-12-31,790367.716051811,4209.87501358963,"Female",2015
"677",2016-01-07,796925.33566939,6557.61961757927,"Female",2016
"678",2016-01-14,803013.49520649,6088.15953710058,"Female",2016
"679",2016-01-21,808802.613533803,5789.11832731287,"Female",2016
"680",2016-01-28,814656.452990658,5853.83945685474,"Female",2016
"681",2016-02-04,820300.294620183,5643.84162952495,"Female",2016
"682",2016-02-11,826073.919549018,5773.62492883555,"Female",2016
"683",2016-02-18,831438.263335346,5364.34378632798,"Female",2016
"684",2016-02-25,837122.12623496,5683.86289961357,"Female",2016
"685",2016-03-03,842914.48828458,5792.36204962013,"Female",2016
"686",2016-03-10,848464.162609226,5549.67432464624,"Female",2016
"687",2016-03-17,854100.528916998,5636.36630777153,"Female",2016
"688",2016-03-24,859086.109477884,4985.58056088572,"Female",2016
"689",2016-03-31,864309.213929485,5223.10445160128,"Female",2016
"690",2016-04-07,870263.069789599,5953.85586011433,"Female",2016
"691",2016-04-14,876107.967553517,5844.89776391792,"Female",2016
"692",2016-04-21,881720.634340355,5612.66678683809,"Female",2016
"693",2016-04-28,887106.270595266,5385.63625491026,"Female",2016
"694",2016-05-05,891675.216223189,4568.94562792336,"Female",2016
"695",2016-05-12,896954.077339967,5278.86111677834,"Female",2016
"696",2016-05-19,902054.970043764,5100.89270379697,"Female",2016
"697",2016-05-26,907091.949190515,5036.97914675088,"Female",2016
"698",2016-06-02,911134.361474059,4042.41228354361,"Female",2016
"699",2016-06-09,916066.211327244,4931.8498531857,"Female",2016
"700",2016-06-16,920832.12557848,4765.91425123531,"Female",2016
"701",2016-06-23,925455.435046883,4623.30946840358,"Female",2016
"702",2016-06-30,930203.629860809,4748.19481392601,"Female",2016
"703",2016-07-07,934819.879329122,4616.24946831225,"Female",2016
"704",2016-07-14,939592.453405795,4772.57407667348,"Female",2016
"705",2016-07-21,944236.213753238,4643.76034744247,"Female",2016
"706",2016-07-28,948952.872339272,4716.65858603467,"Female",2016
"707",2016-08-04,953580.67589842,4627.80355914775,"Female",2016
"708",2016-08-11,958238.610655969,4657.93475754932,"Female",2016
"709",2016-08-18,962764.616171581,4526.00551561126,"Female",2016
"710",2016-08-25,967471.822616892,4707.20644531166,"Female",2016
"711",2016-09-01,971462.274118868,3990.451501976,"Female",2016
"712",2016-09-08,976129.191694807,4666.91757593874,"Female",2016
"713",2016-09-15,980794.198168959,4665.00647415256,"Female",2016
"714",2016-09-22,985295.368399035,4501.17023007525,"Female",2016
"715",2016-09-29,989758.532316535,4463.16391749983,"Female",2016
"716",2016-10-06,994398.499419375,4639.96710284066,"Female",2016
"717",2016-10-13,999276.160968064,4877.66154868866,"Female",2016
"718",2016-10-20,1004215.02580458,4938.86483651563,"Female",2016
"719",2016-10-27,1009103.62211099,4888.59630641504,"Female",2016
"720",2016-11-03,1014251.82685931,5148.20474831981,"Female",2016
"721",2016-11-10,1019595.64479577,5343.81793645723,"Female",2016
"722",2016-11-17,1024974.44526955,5378.80047378107,"Female",2016
"723",2016-11-24,1030391.5449715,5417.09970194637,"Female",2016
"724",2016-12-01,1035718.12703104,5326.58205954148,"Female",2016
"725",2016-12-08,1041508.27343495,5790.14640391083,"Female",2016
"726",2016-12-15,1046955.78214461,5447.50870965456,"Female",2016
"727",2016-12-22,1052993.00323444,6037.22108983248,"Female",2016
"728",2016-12-30,1057898,4904.99676556163,"Female",2016
"729",2017-01-07,1065219.43276763,7321.43276762916,"Female",2017
"730",2017-01-14,1072410.31453188,7190.88176425011,"Female",2017
"731",2017-01-21,1079538.62980456,7128.31527268304,"Female",2017
"732",2017-01-28,1086229.32659973,6690.69679516298,"Female",2017
"733",2017-02-04,1092657.32618721,6427.99958748161,"Female",2017
"734",2017-02-11,1099025.25786428,6367.93167706835,"Female",2017
"735",2017-02-18,1104983.62777843,5958.36991415732,"Female",2017
"736",2017-02-25,1111175.58379167,6191.95601324108,"Female",2017
"737",2017-03-04,1116983.41023272,5807.82644104213,"Female",2017
"738",2017-03-11,1122610.55953402,5627.14930130751,"Female",2017
"739",2017-03-18,1128074.31664577,5463.75711174472,"Female",2017
"740",2017-03-25,1133278.85026774,5204.53362197638,"Female",2017
"741",2017-04-01,1138414.64379929,5135.79353154497,"Female",2017
"742",2017-04-08,1143272.15179457,4857.50799528393,"Female",2017
"743",2017-04-15,1147595.17467839,4323.02288382105,"Female",2017
"744",2017-04-22,1152602.37398165,5007.19930325099,"Female",2017
"745",2017-04-29,1157964.47516762,5362.10118597373,"Female",2017
"746",2017-05-06,1162520.69910881,4556.22394119226,"Female",2017
"747",2017-05-13,1167915.97621055,5395.27710173535,"Female",2017
"748",2017-05-20,1173105.13365833,5189.15744778444,"Female",2017
"749",2017-05-27,1178024.28798995,4919.15433161659,"Female",2017
"750",2017-06-03,1182264.18376963,4239.89577968558,"Female",2017
"751",2017-06-10,1187146.88946796,4882.70569832879,"Female",2017
"752",2017-06-17,1191837.48576377,4690.59629580448,"Female",2017
"753",2017-06-24,1196679.08584432,4841.60008055228,"Female",2017
"754",2017-07-01,1201388.97843913,4709.89259481407,"Female",2017
"755",2017-07-08,1205923.35608428,4534.3776451475,"Female",2017
"756",2017-07-15,1210578.51267564,4655.15659135999,"Female",2017
"757",2017-07-22,1215048.00429188,4469.49161623465,"Female",2017
"758",2017-07-29,1219508.613014,4460.60872212704,"Female",2017
"759",2017-08-05,1223993.77397282,4485.16095881443,"Female",2017
"760",2017-08-12,1228480.36106558,4486.58709276095,"Female",2017
"761",2017-08-19,1233183.2045054,4702.84343982092,"Female",2017
"762",2017-08-26,1237807.97834723,4624.77384183253,"Female",2017
"763",2017-09-02,1241923.22321355,4115.24486631807,"Female",2017
"764",2017-09-09,1246685.27748662,4762.05427307007,"Female",2017
"765",2017-09-16,1251359.74555718,4674.46807055641,"Female",2017
"766",2017-09-23,1256129.11637797,4769.37082079775,"Female",2017
"767",2017-09-30,1261038.11254609,4908.99616811867,"Female",2017
"768",2017-10-07,1265977.85909364,4939.74654754391,"Female",2017
"769",2017-10-14,1271021.36944671,5043.51035307604,"Female",2017
"770",2017-10-21,1276013.93717199,4992.56772528286,"Female",2017
"771",2017-10-28,1280909.2521277,4895.31495570508,"Female",2017
"772",2017-11-04,1285956.42166414,5047.16953644459,"Female",2017
"773",2017-11-11,1291068.54518074,5112.12351659243,"Female",2017
"774",2017-11-18,1296266.86991612,5198.32473537861,"Female",2017
"775",2017-11-25,1301633.02180203,5366.15188591625,"Female",2017
"776",2017-12-02,1306988.43354631,5355.41174428025,"Female",2017
"777",2017-12-09,1312403.6026133,5415.16906699189,"Female",2017
"778",2017-12-16,1318315.90527161,5912.30265830597,"Female",2017
"779",2017-12-23,1324609.34772883,6293.44245721842,"Female",2017
"780",2017-12-31,1329987.33155919,5377.98383036186,"Female",2017
"781",2018-01-07,1337357.1990515,7369.86749231466,"Female",2018
"782",2018-01-14,1345222.74103946,7865.54198795138,"Female",2018
"783",2018-01-21,1352602.16332128,7379.42228182685,"Female",2018
"784",2018-01-28,1359786.95844509,7184.79512380855,"Female",2018
"785",2018-02-04,1366538.35275258,6751.39430748741,"Female",2018
"786",2018-02-11,1372837.11450961,6298.76175702899,"Female",2018
"787",2018-02-18,1379096.37288246,6259.25837285118,"Female",2018
"788",2018-02-25,1385212.51640954,6116.14352707658,"Female",2018
"789",2018-03-04,1390996.19121701,5783.67480747192,"Female",2018
"790",2018-03-11,1397834.68665246,6838.49543545512,"Female",2018
"791",2018-03-18,1404362.23710025,6527.55044779228,"Female",2018
"792",2018-03-25,1410164.4086783,5802.17157804128,"Female",2018
"793",2018-04-01,1415192.85413408,5028.44545578607,"Female",2018
"794",2018-04-08,1420997.43134514,5804.57721105893,"Female",2018
"795",2018-04-15,1427129.39716174,6131.96581659629,"Female",2018
"796",2018-04-22,1432610.95085339,5481.55369165237,"Female",2018
"797",2018-04-29,1437833.04140721,5222.0905538206,"Female",2018
"798",2018-05-06,1442626.04386762,4793.00246041175,"Female",2018
"799",2018-05-13,1447049.64901151,4423.60514389118,"Female",2018
"800",2018-05-20,1452166.00148574,5116.35247422755,"Female",2018
"801",2018-05-27,1456626.79110966,4460.78962392127,"Female",2018
"802",2018-06-03,1460868.33844879,4241.54733912577,"Female",2018
"803",2018-06-10,1465889.93964329,5021.60119450255,"Female",2018
"804",2018-06-17,1470410.14787601,4520.20823271852,"Female",2018
"805",2018-06-24,1474931.00529582,4520.85741981235,"Female",2018
"806",2018-07-01,1479516.7405617,4585.735265875,"Female",2018
"807",2018-07-08,1484114.39980433,4597.65924263536,"Female",2018
"808",2018-07-15,1488690.19666412,4575.79685979313,"Female",2018
"809",2018-07-22,1493177.08759165,4486.89092752174,"Female",2018
"810",2018-07-29,1497764.26054946,4587.17295781639,"Female",2018
"811",2018-08-05,1502392.38916094,4628.12861147523,"Female",2018
"812",2018-08-12,1506865.52391465,4473.13475371664,"Female",2018
"813",2018-08-19,1511302.60555945,4437.08164479514,"Female",2018
"814",2018-08-26,1515615.81478049,4313.20922103943,"Female",2018
"815",2018-09-02,1519733.56097457,4117.74619407929,"Female",2018
"816",2018-09-09,1524475.89175855,4742.33078398393,"Female",2018
"817",2018-09-16,1529049.40551892,4573.51376036392,"Female",2018
"818",2018-09-23,1533636.57654479,4587.17102587293,"Female",2018
"819",2018-09-30,1538184.55943895,4547.98289416172,"Female",2018
"820",2018-10-07,1542955.7192271,4771.15978815104,"Female",2018
"821",2018-10-14,1547782.95432319,4827.2350960914,"Female",2018
"822",2018-10-21,1552634.18651219,4851.23218899919,"Female",2018
"823",2018-10-28,1557337.63198955,4703.44547735807,"Female",2018
"824",2018-11-04,1562151.82780366,4814.19581410475,"Female",2018
"825",2018-11-11,1567302.68361798,5150.85581432772,"Female",2018
"826",2018-11-18,1572310.07329292,5007.38967493991,"Female",2018
"827",2018-11-25,1577327.9940558,5017.92076288071,"Female",2018
"828",2018-12-02,1582452.41112526,5124.41706945561,"Female",2018
"829",2018-12-09,1587681.50138485,5229.09025958856,"Female",2018
"830",2018-12-16,1593232.57458899,5551.07320414344,"Female",2018
"831",2018-12-23,1598204.34020088,4971.76561188395,"Female",2018
"832",2018-12-31,1602955.33437011,4750.99416923476,"Female",2018
"833",2019-01-07,1609315.32694681,6359.99257669644,"Female",2019
"834",2019-01-14,1615562.93801759,6247.61107078264,"Female",2019
"835",2019-01-21,1621444.06383998,5881.12582238857,"Female",2019
"836",2019-01-28,1627208.27017935,5764.20633937116,"Female",2019
"837",2019-02-04,1632945.29859131,5737.02841196372,"Female",2019
"838",2019-02-11,1638907.28472654,5961.98613522295,"Female",2019
"839",2019-02-18,1644745.98232762,5838.69760108041,"Female",2019
"840",2019-02-25,1650354.69558399,5608.713256374,"Female",2019
"841",2019-03-04,1655843.34029269,5488.64470870025,"Female",2019
"842",2019-03-11,1661172.35723942,5329.01694672625,"Female",2019
"843",2019-03-18,1666480.72346101,5308.36622159602,"Female",2019
"844",2019-03-25,1671554.33492236,5073.61146135023,"Female",2019
"845",2019-04-01,1676516.72402155,4962.38909918373,"Female",2019
"846",2019-04-08,1681685.3899827,5168.6659611566,"Female",2019
"847",2019-04-15,1686506.2641526,4820.87416989263,"Female",2019
"848",2019-04-22,1691085.64670137,4579.38254877692,"Female",2019
"849",2019-04-29,1696540.26274454,5454.61604316323,"Female",2019
"850",2019-05-06,1701737.37229133,5197.1095467913,"Female",2019
"851",2019-05-13,1706365.61835254,4628.24606121681,"Female",2019
"852",2019-05-20,1711658.16304485,5292.54469230678,"Female",2019
"853",2019-05-27,1716333.72946805,4675.56642320007,"Female",2019
"854",2019-06-03,1720754.6975086,4420.96804054873,"Female",2019
"855",2019-06-10,1725676.97029347,4922.27278486756,"Female",2019
"856",2019-06-17,1730288.31344581,4611.34315234306,"Female",2019
"857",2019-06-24,1734913.47563175,4625.16218593507,"Female",2019
"858",2019-07-01,1739478.85982896,4565.38419721089,"Female",2019
"859",2019-07-08,1744026.29788042,4547.43805146078,"Female",2019
"860",2019-07-15,1748523.76497591,4497.46709548798,"Female",2019
"861",2019-07-22,1753059.93959206,4536.17461614986,"Female",2019
"862",2019-07-29,1757622.56995034,4562.63035828038,"Female",2019
"863",2019-08-05,1762177.80393022,4555.23397988337,"Female",2019
"864",2019-08-12,1766636.17934337,4458.37541314797,"Female",2019
"865",2019-08-19,1771035.5340899,4399.35474653356,"Female",2019
"866",2019-08-26,1775238.64931161,4203.11522170901,"Female",2019
"867",2019-09-02,1779648.47799311,4409.82868149923,"Female",2019
"868",2019-09-09,1784493.96058185,4845.48258873681,"Female",2019
"869",2019-09-16,1789169.40562703,4675.44504518644,"Female",2019
"870",2019-09-23,1793857.25072927,4687.84510223754,"Female",2019
"871",2019-09-30,1798585.13956085,4727.88883157773,"Female",2019
"872",2019-10-07,1803503.89948215,4918.75992130558,"Female",2019
"873",2019-10-14,1808534.27417235,5030.37469019741,"Female",2019
"874",2019-10-21,1813593.7705923,5059.49641994503,"Female",2019
"875",2019-10-28,1818635.52100949,5041.75041719456,"Female",2019
"876",2019-11-04,1823950.5360403,5315.01503081038,"Female",2019
"877",2019-11-11,1829351.82754068,5401.29150038026,"Female",2019
"878",2019-11-18,1834758.12172701,5406.29418632737,"Female",2019
"879",2019-11-25,1840159.64473496,5401.5230079547,"Female",2019
"880",2019-12-02,1845580.97280253,5421.32806756813,"Female",2019
"881",2019-12-09,1851035.00632897,5454.03352643736,"Female",2019
"882",2019-12-16,1857157.0747679,6122.06843892788,"Female",2019
"883",2019-12-23,1862194.30684435,5037.23207645142,"Female",2019
"884",2019-12-31,1867768.99687607,5574.69003172684,"Female",2019
"885",2020-01-07,1874961.77337643,7192.77650035662,"Female",2020
"886",2020-01-14,1881870.31486602,6908.5414895867,"Female",2020
"887",2020-01-21,1888011.67561431,6141.36074829381,"Female",2020
"888",2020-01-28,1893862.48704992,5850.8114356054,"Female",2020
"889",2020-02-04,1899551.5773522,5689.09030228737,"Female",2020
"890",2020-02-11,1905042.30558208,5490.72822988033,"Female",2020
"891",2020-02-18,1910464.94084424,5422.63526215591,"Female",2020
"892",2020-02-25,1915845.31879606,5380.37795181712,"Female",2020
"893",2020-03-03,1921251.92099777,5406.60220171278,"Female",2020
"894",2020-03-10,1926708.53074056,5456.60974278953,"Female",2020
"895",2020-03-17,1932081.2767397,5372.7459991409,"Female",2020
"896",2020-03-24,1937184.25442892,5102.97768921778,"Female",2020
"897",2020-03-31,1943851.67347466,6667.41904573701,"Female",2020
"898",2020-04-07,1951959.8796608,8108.20618614345,"Female",2020
"899",2020-04-14,1961919.80205125,9959.922390447,"Female",2020
"900",2020-04-21,1973041.39026833,11121.5882170834,"Female",2020
"901",2020-04-28,1983079.97506786,10038.5847995286,"Female",2020
"902",2020-05-05,1990379.21383342,7299.23876556056,"Female",2020
"903",2020-05-12,1997222.72644978,6843.51261636359,"Female",2020
"904",2020-05-19,2004162.21272897,6939.48627918889,"Female",2020
"905",2020-05-26,2009464.95616203,5302.74343306152,"Female",2020
"906",2020-06-02,2014632.15212727,5167.19596524118,"Female",2020
"907",2020-06-09,2019873.77643675,5241.62430947204,"Female",2020
"908",2020-06-16,2024582.48265053,4708.70621378045,"Female",2020
"909",2020-06-23,2029063.42415649,4480.94150596042,"Female",2020
"910",2020-06-30,2033583.59914919,4520.17499269894,"Female",2020
"911",2020-07-07,2037937.9955733,4354.3964241182,"Female",2020
"912",2020-07-14,2042306.44188122,4368.4463079127,"Female",2020
"913",2020-07-21,2046756.37101262,4449.9291314031,"Female",2020
"914",2020-07-28,2051131.38602166,4375.01500904048,"Female",2020
"915",2020-08-04,2055520.796271,4389.41024934477,"Female",2020
"916",2020-08-11,2060051.21898179,4530.42271078192,"Female",2020
"917",2020-08-18,2064819.23450739,4768.0155256032,"Female",2020
"918",2020-08-25,2069531.63599157,4712.40148418071,"Female",2020
"919",2020-09-01,2073470.12240096,3938.4864093943,"Female",2020
"920",2020-09-08,2077818.57994393,4348.45754296565,"Female",2020
"921",2020-09-15,2082651.6132169,4833.03327297047,"Female",2020
"922",2020-09-22,2087299.29371908,4647.68050217791,"Female",2020
"923",2020-09-29,2092127.73085722,4828.437138143,"Female",2020
"924",2020-10-06,2096951.12687536,4823.39601813676,"Female",2020
"925",2020-10-13,2102029.53132065,5078.40444528661,"Female",2020
"926",2020-10-20,2107384.18515985,5354.65383920027,"Female",2020
"927",2020-10-27,2112658.6114219,5274.4262620518,"Female",2020
"928",2020-11-03,2118245.82687851,5587.2154566166,"Female",2020
"929",2020-11-10,2124140.83616609,5895.00928757619,"Female",2020
"930",2020-11-17,2130112.31533759,5971.47917150427,"Female",2020
"931",2020-11-24,2136126.34854767,6014.03321008058,"Female",2020
"932",2020-12-01,2142134.99018016,6008.641632488,"Female",2020
"933",2020-12-08,2148066.40210194,5931.41192177357,"Female",2020
"934",2020-12-15,2154285.58508556,6219.18298362521,"Female",2020
"935",2020-12-22,2160397.54910101,6111.96401544521,"Female",2020
"936",2020-12-30,2165824.40331122,5426.85421021609,"Female",2020
"937",2021-01-07,2175012.38884604,9187.98553481558,"Female",2021
"938",2021-01-14,2183942.75765269,8930.368806649,"Female",2021
"939",2021-01-21,2193009.29191347,9066.5342607866,"Female",2021
"940",2021-01-28,2202172.64903744,9163.3571239654,"Female",2021
"941",2021-02-04,2210837.33934202,8664.69030457642,"Female",2021
"942",2021-02-11,2218486.99067904,7649.65133702895,"Female",2021
"943",2021-02-18,2225355.05654239,6868.06586334249,"Female",2021
"944",2021-02-25,2231635.2379619,6280.18141951412,"Female",2021
"945",2021-03-04,2237344.4464205,5709.2084586015,"Female",2021
"946",2021-03-11,2242797.57402372,5453.12760322215,"Female",2021
"947",2021-03-18,2247876.47614349,5078.90211976366,"Female",2021
"948",2021-03-25,2252878.8800029,5002.40385941416,"Female",2021
"949",2021-04-01,2257027.05340758,4148.1734046801,"Female",2021
"950",2021-04-08,2261422.97342216,4395.92001457652,"Female",2021
"951",2021-04-15,2266576.40275801,5153.42933584703,"Female",2021
"952",2021-04-22,2271551.58172657,4975.178968566,"Female",2021
"953",2021-04-29,2276335.38403833,4783.80231175432,"Female",2021
"954",2021-05-06,2280161.82381108,3826.43977275491,"Female",2021
"955",2021-05-13,2285046.26532376,4884.44151267922,"Female",2021
"956",2021-05-20,2289851.31606006,4805.05073629459,"Female",2021
"957",2021-05-27,2294655.9077538,4804.59169374686,"Female",2021
"958",2021-06-03,2298389.25700637,3733.34925256623,"Female",2021
"959",2021-06-10,2303267.7260283,4878.46902193408,"Female",2021
"960",2021-06-17,2308082.22372007,4814.49769176729,"Female",2021
"961",2021-06-24,2312359.39366868,4277.16994860629,"Female",2021
"962",2021-07-01,2316556.05874808,4196.66507940507,"Female",2021
"963",2021-07-08,2321299.43839439,4743.37964630965,"Female",2021
"964",2021-07-15,2326089.14685803,4789.70846363669,"Female",2021
"965",2021-07-22,2330871.46396942,4782.31711138925,"Female",2021
"966",2021-07-29,2335826.03516518,4954.57119576307,"Female",2021
"967",2021-08-05,2340878.43910164,5052.40393646108,"Female",2021
"968",2021-08-12,2346034.9635303,5156.52442865493,"Female",2021
"969",2021-08-19,2350917.54642732,4882.58289702423,"Female",2021
"970",2021-08-26,2355994.62918608,5077.08275875822,"Female",2021
"971",2021-09-02,2360364.22254265,4369.59335657302,"Female",2021
"972",2021-09-09,2365571.08122641,5206.85868375422,"Female",2021
"973",2021-09-16,2371091.31844094,5520.23721453268,"Female",2021
"974",2021-09-23,2376337.43218185,5246.11374091404,"Female",2021
"975",2021-09-30,2381533.19189871,5195.75971685536,"Female",2021
"976",2021-10-07,2386728.71859066,5195.52669195645,"Female",2021
"977",2021-10-14,2392206.68592522,5477.96733456058,"Female",2021
"978",2021-10-21,2397722.85840814,5516.17248291988,"Female",2021
"979",2021-10-28,2403055.1224247,5332.26401655842,"Female",2021
"980",2021-11-04,2408690.22332161,5635.1008969117,"Female",2021
"981",2021-11-11,2414563.07466785,5872.85134623293,"Female",2021
"982",2021-11-18,2420589.59462507,6026.51995722344,"Female",2021
"983",2021-11-25,2426281.88502429,5692.29039921658,"Female",2021
"984",2021-12-02,2432039.87985504,5757.99483075039,"Female",2021
"985",2021-12-09,2437893.39438938,5853.51453434117,"Female",2021
"986",2021-12-16,2443951.89827258,6058.50388319651,"Female",2021
"987",2021-12-23,2450528.07666026,6576.17838768428,"Female",2021
"988",2021-12-31,2455662,5133.92333973991,"Female",2021
"989",2022-01-07,2461879,6217,"Female",2022
"990",2022-01-14,2468374,6495,"Female",2022
"991",2022-01-21,2474603,6229,"Female",2022
"992",2022-01-28,2480690,6087,"Female",2022
"993",2022-02-04,2486442,5752,"Female",2022
"994",2022-02-11,2492156,5714,"Female",2022
"995",2022-02-18,2497711,5555,"Female",2022
"996",2022-02-25,2503191,5480,"Female",2022
"997",2022-03-04,2508732,5541,"Female",2022
"998",2022-03-11,2514312,5580,"Female",2022
"999",2022-03-18,2519580,5268,"Female",2022
"1000",2022-03-25,2524756,5176,"Female",2022
"1001",2022-04-01,2529676,4920,"Female",2022
"1002",2022-04-08,2534914,5238,"Female",2022
"1003",2022-04-15,2539764,4850,"Female",2022
"1004",2022-04-22,2545120,5356,"Female",2022
"1005",2022-04-29,2551303,6183,"Female",2022
"1006",2022-05-06,2556168,4865,"Female",2022
"1007",2022-05-13,2562086,5918,"Female",2022
"1008",2022-05-20,2567787,5701,"Female",2022
"1009",2022-05-27,2573070,5283,"Female",2022
"1010",2022-06-03,2576410,3340,"Female",2022
"1011",2022-06-10,2582286,5876,"Female",2022
"1012",2022-06-17,2587531,5245,"Female",2022
"1013",2022-06-24,2592861,5330,"Female",2022
"1014",2022-07-01,2598000,5139,"Female",2022
"1015",2022-07-08,2602963,4963,"Female",2022
"1016",2022-07-15,2608178,5215,"Female",2022
"1017",2022-07-22,2613494,5316,"Female",2022
"1018",2022-07-29,2619032,5538,"Female",2022
"1019",2022-08-05,2624332,5300,"Female",2022
"1020",2022-08-12,2629368,5036,"Female",2022
"1021",2022-08-19,2634768,5400,"Female",2022
"1022",2022-08-26,2640216,5448,"Female",2022
"1023",2022-09-02,2644579,4363,"Female",2022
"1024",2022-09-09,2649780,5201,"Female",2022
"1025",2022-09-16,2654988,5208,"Female",2022
"1026",2022-09-23,2659264,4276,"Female",2022
"1027",2022-09-30,2664694,5430,"Female",2022
"1028",2022-10-07,2670263,5569,"Female",2022
"1029",2022-10-14,2675988,5725,"Female",2022
"1030",2022-10-21,2681867,5879,"Female",2022
"1031",2022-10-28,2687449,5582,"Female",2022
"1032",2022-11-04,2693277,5828,"Female",2022
"1033",2022-11-11,2698928,5651,"Female",2022
"1034",2022-11-18,2704726,5798,"Female",2022
"1035",2022-11-25,2710434,5708,"Female",2022
"1036",2022-12-02,2716116,5682,"Female",2022
"1037",2022-12-09,2722032,5916,"Female",2022
"1038",2022-12-16,2728241,6209,"Female",2022
"1039",2022-12-23,2735645,7404,"Female",2022
"1040",2022-12-31,2740929.97813087,5284.97813086631,"Female",2022
"1041",2013-01-07,8030.58425856771,5596.28571428571,"Male",2013
"1042",2013-01-14,13540.9074514979,5510.32319293023,"Male",2013
"1043",2013-01-21,18749.3457022044,5208.43825070642,"Male",2013
"1044",2013-01-28,24142.7388942036,5393.3931919992,"Male",2013
"1045",2013-02-04,29488.3955139843,5345.65661978076,"Male",2013
"1046",2013-02-11,34742.8889623956,5254.49344841131,"Male",2013
"1047",2013-02-18,39970.6463040717,5227.75734167604,"Male",2013
"1048",2013-02-25,45070.823197411,5100.17689333933,"Male",2013
"1049",2013-03-04,50315.1979325234,5244.37473511241,"Male",2013
"1050",2013-03-11,55596.4142270143,5281.21629449091,"Male",2013
"1051",2013-03-18,60920.0810194776,5323.66679246329,"Male",2013
"1052",2013-03-25,65735.739829186,4815.65880970839,"Male",2013
"1053",2013-04-01,70316.8197220874,4581.07989290143,"Male",2013
"1054",2013-04-08,75856.3719530182,5539.55223093077,"Male",2013
"1055",2013-04-15,81680.1705999505,5823.79864693234,"Male",2013
"1056",2013-04-22,87061.2401078211,5381.06950787052,"Male",2013
"1057",2013-04-29,92137.9185314474,5076.67842362639,"Male",2013
"1058",2013-05-06,96814.6426177011,4676.72408625364,"Male",2013
"1059",2013-05-13,101288.134904454,4473.49228675265,"Male",2013
"1060",2013-05-20,106217.21135049,4929.07644603607,"Male",2013
"1061",2013-05-27,110499.614445774,4282.40309528387,"Male",2013
"1062",2013-06-03,114710.450399943,4210.83595416958,"Male",2013
"1063",2013-06-10,119300.40902734,4589.95862739637,"Male",2013
"1064",2013-06-17,123638.248767666,4337.8397403266,"Male",2013
"1065",2013-06-24,127946.117767885,4307.86900021855,"Male",2013
"1066",2013-07-01,132174.807857588,4228.690089703,"Male",2013
"1067",2013-07-08,136459.341763863,4284.53390627552,"Male",2013
"1068",2013-07-15,140768.405261886,4309.06349802294,"Male",2013
"1069",2013-07-22,145029.451182761,4261.04592087466,"Male",2013
"1070",2013-07-29,149012.154438557,3982.70325579622,"Male",2013
"1071",2013-08-05,153045.027272923,4032.87283436616,"Male",2013
"1072",2013-08-12,157112.50614905,4067.47887612684,"Male",2013
"1073",2013-08-19,161247.321308719,4134.81515966874,"Male",2013
"1074",2013-08-26,165207.978295375,3960.6569866559,"Male",2013
"1075",2013-09-02,169208.339853805,4000.36155843071,"Male",2013
"1076",2013-09-09,173588.093776284,4379.75392247841,"Male",2013
"1077",2013-09-16,177744.54743173,4156.45365544574,"Male",2013
"1078",2013-09-23,182099.978887468,4355.43145573864,"Male",2013
"1079",2013-09-30,186573.709030059,4473.73014259097,"Male",2013
"1080",2013-10-07,191073.910939817,4500.20190975754,"Male",2013
"1081",2013-10-14,195528.04079668,4454.12985686274,"Male",2013
"1082",2013-10-21,200064.73345364,4536.69265696057,"Male",2013
"1083",2013-10-28,204550.850461646,4486.11700800637,"Male",2013
"1084",2013-11-04,209087.698519016,4536.84805736967,"Male",2013
"1085",2013-11-11,213728.883159082,4641.18464006591,"Male",2013
"1086",2013-11-18,218377.905870895,4649.02271181281,"Male",2013
"1087",2013-11-25,223165.359246551,4787.45337565659,"Male",2013
"1088",2013-12-02,228063.934110829,4898.57486427805,"Male",2013
"1089",2013-12-09,232887.662327623,4823.72821679388,"Male",2013
"1090",2013-12-16,238066.725616578,5179.06328895452,"Male",2013
"1091",2013-12-23,242201.668442217,4134.94282563872,"Male",2013
"1092",2013-12-31,246889.795074864,4688.12663264698,"Male",2013
"1093",2014-01-07,252745.563202073,5855.76812720892,"Male",2014
"1094",2014-01-14,258197.721796147,5452.15859407419,"Male",2014
"1095",2014-01-21,263341.899467568,5144.17767142138,"Male",2014
"1096",2014-01-28,268342.234269441,5000.3348018729,"Male",2014
"1097",2014-02-04,273307.143046505,4964.90877706371,"Male",2014
"1098",2014-02-11,278264.234360867,4957.09131436201,"Male",2014
"1099",2014-02-18,283343.117760757,5078.88339989062,"Male",2014
"1100",2014-02-25,288451.478269573,5108.36050881591,"Male",2014
"1101",2014-03-04,293293.829219259,4842.35094968544,"Male",2014
"1102",2014-03-11,298066.992025404,4773.16280614509,"Male",2014
"1103",2014-03-18,302906.71579866,4839.72377325606,"Male",2014
"1104",2014-03-25,307657.10396363,4750.3881649705,"Male",2014
"1105",2014-04-01,312484.509746236,4827.40578260546,"Male",2014
"1106",2014-04-08,317394.766672418,4910.25692618196,"Male",2014
"1107",2014-04-15,321585.887120944,4191.12044852669,"Male",2014
"1108",2014-04-22,325783.509916691,4197.62279574625,"Male",2014
"1109",2014-04-29,330860.472629202,5076.96271251165,"Male",2014
"1110",2014-05-06,335483.392569415,4622.91994021292,"Male",2014
"1111",2014-05-13,339885.003740367,4401.61117095163,"Male",2014
"1112",2014-05-20,344627.662439963,4742.65869959566,"Male",2014
"1113",2014-05-27,348729.871281124,4102.20884116145,"Male",2014
"1114",2014-06-03,353110.858266445,4380.98698532116,"Male",2014
"1115",2014-06-10,357985.619851346,4874.7615849009,"Male",2014
"1116",2014-06-17,362545.965535168,4560.34568382148,"Male",2014
"1117",2014-06-24,366962.838707692,4416.87317252456,"Male",2014
"1118",2014-07-01,371348.326864385,4385.48815669253,"Male",2014
"1119",2014-07-08,375692.139549055,4343.81268467038,"Male",2014
"1120",2014-07-15,380168.820478754,4476.68092969892,"Male",2014
"1121",2014-07-22,384591.313229807,4422.49275105284,"Male",2014
"1122",2014-07-29,388964.328934381,4373.01570457377,"Male",2014
"1123",2014-08-05,393237.703394187,4273.37445980654,"Male",2014
"1124",2014-08-12,397545.872066131,4308.16867194348,"Male",2014
"1125",2014-08-19,401965.102801932,4419.23073580151,"Male",2014
"1126",2014-08-26,405915.343548299,3950.24074636656,"Male",2014
"1127",2014-09-02,410243.677523824,4328.33397552517,"Male",2014
"1128",2014-09-09,415022.794752908,4779.11722908384,"Male",2014
"1129",2014-09-16,419522.64200682,4499.8472539119,"Male",2014
"1130",2014-09-23,423957.820893283,4435.17888646392,"Male",2014
"1131",2014-09-30,428463.32514891,4505.50425562612,"Male",2014
"1132",2014-10-07,432963.298336151,4499.97318724159,"Male",2014
"1133",2014-10-14,437557.292002113,4593.99366596137,"Male",2014
"1134",2014-10-21,442261.192547527,4703.9005454143,"Male",2014
"1135",2014-10-28,446922.217691162,4661.02514363511,"Male",2014
"1136",2014-11-04,451628.178670333,4705.96097917057,"Male",2014
"1137",2014-11-11,456503.828560452,4875.64989011991,"Male",2014
"1138",2014-11-18,461222.43420156,4718.60564110795,"Male",2014
"1139",2014-11-25,465940.519181411,4718.08497985062,"Male",2014
"1140",2014-12-02,470946.935136935,5006.41595552443,"Male",2014
"1141",2014-12-09,475889.104702334,4942.16956539871,"Male",2014
"1142",2014-12-16,481534.048386089,5644.94368375529,"Male",2014
"1143",2014-12-23,485882.156563804,4348.10817771434,"Male",2014
"1144",2014-12-31,491184.524473172,5302.36790936778,"Male",2014
"1145",2015-01-07,498364.121814767,7179.59734159563,"Male",2015
"1146",2015-01-14,505426.014506827,7061.89269205951,"Male",2015
"1147",2015-01-21,511942.904706031,6516.89019920427,"Male",2015
"1148",2015-01-28,518125.113024734,6182.20831870352,"Male",2015
"1149",2015-02-04,523939.847276664,5814.73425192916,"Male",2015
"1150",2015-02-11,529697.655303013,5757.80802634964,"Male",2015
"1151",2015-02-18,535216.589820321,5518.93451730791,"Male",2015
"1152",2015-02-25,540664.014570221,5447.42474989989,"Male",2015
"1153",2015-03-04,546169.034114538,5505.01954431692,"Male",2015
"1154",2015-03-11,551355.834394367,5186.80027982942,"Male",2015
"1155",2015-03-18,556403.567083503,5047.73268913513,"Male",2015
"1156",2015-03-25,561520.250041302,5116.68295779906,"Male",2015
"1157",2015-04-01,566018.899223594,4498.64918229263,"Male",2015
"1158",2015-04-08,570597.255105138,4578.3558815436,"Male",2015
"1159",2015-04-15,576114.954991423,5517.699886285,"Male",2015
"1160",2015-04-22,581400.245628879,5285.29063745623,"Male",2015
"1161",2015-04-29,586444.718469737,5044.47284085804,"Male",2015
"1162",2015-05-06,590895.912562143,4451.19409240631,"Male",2015
"1163",2015-05-13,595716.380552826,4820.46799068269,"Male",2015
"1164",2015-05-20,600866.935488943,5150.55493611656,"Male",2015
"1165",2015-05-27,605034.842505981,4167.90701703785,"Male",2015
"1166",2015-06-03,609650.5632918,4615.72078581946,"Male",2015
"1167",2015-06-10,614505.563218948,4854.99992714787,"Male",2015
"1168",2015-06-17,619022.810654566,4517.24743561819,"Male",2015
"1169",2015-06-24,623619.53527066,4596.72461609379,"Male",2015
"1170",2015-07-01,628101.648845885,4482.11357522523,"Male",2015
"1171",2015-07-08,632626.65360236,4525.00475647487,"Male",2015
"1172",2015-07-15,637003.678435637,4377.02483327757,"Male",2015
"1173",2015-07-22,641378.475220688,4374.79678505007,"Male",2015
"1174",2015-07-29,645636.441089775,4257.96586908784,"Male",2015
"1175",2015-08-05,650035.17441438,4398.73332460469,"Male",2015
"1176",2015-08-12,654583.202360576,4548.02794619603,"Male",2015
"1177",2015-08-19,659103.733344482,4520.53098390566,"Male",2015
"1178",2015-08-26,663632.873007852,4529.13966337068,"Male",2015
"1179",2015-09-02,667634.987452097,4002.11444424442,"Male",2015
"1180",2015-09-09,672059.976017579,4424.98856548255,"Male",2015
"1181",2015-09-16,676563.286320151,4503.31030257174,"Male",2015
"1182",2015-09-23,681212.683366539,4649.39704638789,"Male",2015
"1183",2015-09-30,685861.927735558,4649.24436901917,"Male",2015
"1184",2015-10-07,690565.60860668,4703.68087112147,"Male",2015
"1185",2015-10-14,695280.060578248,4714.45197156805,"Male",2015
"1186",2015-10-21,700115.837126976,4835.7765487287,"Male",2015
"1187",2015-10-28,704873.622983817,4757.78585684102,"Male",2015
"1188",2015-11-04,709626.571812389,4752.94882857194,"Male",2015
"1189",2015-11-11,714573.130582951,4946.55877056194,"Male",2015
"1190",2015-11-18,719536.264456388,4963.13387343707,"Male",2015
"1191",2015-11-25,724349.977772253,4813.71331586479,"Male",2015
"1192",2015-12-02,729409.632034774,5059.65426252049,"Male",2015
"1193",2015-12-09,734396.22878253,4986.596747756,"Male",2015
"1194",2015-12-16,739548.802689335,5152.57390680513,"Male",2015
"1195",2015-12-23,744119.817019898,4571.01433056279,"Male",2015
"1196",2015-12-31,748185.99920815,4066.18218825187,"Male",2015
"1197",2016-01-07,754153.693589937,5967.69438178791,"Male",2016
"1198",2016-01-14,759898.509230935,5744.81564099726,"Male",2016
"1199",2016-01-21,765498.251993613,5599.74276267784,"Male",2016
"1200",2016-01-28,771021.07463135,5522.8226377375,"Male",2016
"1201",2016-02-04,776418.239568451,5397.16493710107,"Male",2016
"1202",2016-02-11,781827.588086099,5409.34851764818,"Male",2016
"1203",2016-02-18,787093.125288318,5265.53720221901,"Male",2016
"1204",2016-02-25,792372.966154214,5279.84086589562,"Male",2016
"1205",2016-03-03,797883.494059841,5510.5279056268,"Male",2016
"1206",2016-03-10,803343.26751896,5459.77345911926,"Male",2016
"1207",2016-03-17,808814.397963445,5471.130444485,"Male",2016
"1208",2016-03-24,813590.64791589,4776.24995244504,"Male",2016
"1209",2016-03-31,818442.401043549,4851.75312765897,"Male",2016
"1210",2016-04-07,823975.331000293,5532.92995674431,"Male",2016
"1211",2016-04-14,829628.15542175,5652.82442145701,"Male",2016
"1212",2016-04-21,834984.563347691,5356.4079259407,"Male",2016
"1213",2016-04-28,840178.048913433,5193.48556574248,"Male",2016
"1214",2016-05-05,844752.806596243,4574.75768280961,"Male",2016
"1215",2016-05-12,849962.103710341,5209.29711409786,"Male",2016
"1216",2016-05-19,854912.43453907,4950.33082872885,"Male",2016
"1217",2016-05-26,859769.732477403,4857.29793833359,"Male",2016
"1218",2016-06-02,863696.233218955,3926.50074155198,"Male",2016
"1219",2016-06-09,868400.057678845,4703.8244598899,"Male",2016
"1220",2016-06-16,873143.416532136,4743.35885329079,"Male",2016
"1221",2016-06-23,877856.789312144,4713.37278000789,"Male",2016
"1222",2016-06-30,882369.764411708,4512.97509956395,"Male",2016
"1223",2016-07-07,886877.024761141,4507.2603494334,"Male",2016
"1224",2016-07-14,891466.50972157,4589.48496042832,"Male",2016
"1225",2016-07-21,896176.676877362,4710.16715579201,"Male",2016
"1226",2016-07-28,900801.147200471,4624.4703231093,"Male",2016
"1227",2016-08-04,905362.708081688,4561.56088121701,"Male",2016
"1228",2016-08-11,909882.79306753,4520.08498584176,"Male",2016
"1229",2016-08-18,914386.749385803,4503.95631827298,"Male",2016
"1230",2016-08-25,919092.935336781,4706.18595097878,"Male",2016
"1231",2016-09-01,923079.450958034,3986.51562125224,"Male",2016
"1232",2016-09-08,927619.141297556,4539.69033952244,"Male",2016
"1233",2016-09-15,932173.928458156,4554.7871605996,"Male",2016
"1234",2016-09-22,936615.185686148,4441.25722799194,"Male",2016
"1235",2016-09-29,941127.690313289,4512.50462714094,"Male",2016
"1236",2016-10-06,945715.053060698,4587.3627474095,"Male",2016
"1237",2016-10-13,950508.765082403,4793.71202170511,"Male",2016
"1238",2016-10-20,955352.230633013,4843.4655506094,"Male",2016
"1239",2016-10-27,960166.294892835,4814.06425982225,"Male",2016
"1240",2016-11-03,965103.790961829,4937.49606899393,"Male",2016
"1241",2016-11-10,970189.867790462,5086.07682863355,"Male",2016
"1242",2016-11-17,975479.522132882,5289.65434241924,"Male",2016
"1243",2016-11-24,980711.448925825,5231.92679294338,"Male",2016
"1244",2016-12-01,985758.967878104,5047.51895227935,"Male",2016
"1245",2016-12-08,991189.361777501,5430.39389939711,"Male",2016
"1246",2016-12-15,996221.488801978,5032.12702447618,"Male",2016
"1247",2016-12-22,1001845.54015745,5624.05135546788,"Male",2016
"1248",2016-12-30,1006368,4522.45984255453,"Male",2016
"1249",2017-01-07,1012972.31984853,6604.31984853139,"Male",2017
"1250",2017-01-14,1019529.75863244,6557.43878390687,"Male",2017
"1251",2017-01-21,1025926.7797325,6397.02110006462,"Male",2017
"1252",2017-01-28,1032023.65013434,6096.87040184042,"Male",2017
"1253",2017-02-04,1038061.2757068,6037.62557245698,"Male",2017
"1254",2017-02-11,1043865.92633875,5804.65063194663,"Male",2017
"1255",2017-02-18,1049543.49124142,5677.56490267185,"Male",2017
"1256",2017-02-25,1055107.27487634,5563.78363491688,"Male",2017
"1257",2017-03-04,1060491.02149814,5383.74662180082,"Male",2017
"1258",2017-03-11,1065906.52251304,5415.50101490621,"Male",2017
"1259",2017-03-18,1071083.39573832,5176.87322527985,"Male",2017
"1260",2017-03-25,1076142.08695349,5058.69121516962,"Male",2017
"1261",2017-04-01,1081054.54507745,4912.45812395471,"Male",2017
"1262",2017-04-08,1085954.17588541,4899.6308079618,"Male",2017
"1263",2017-04-15,1090094.43651211,4140.26062670513,"Male",2017
"1264",2017-04-22,1095038.52413028,4944.08761816239,"Male",2017
"1265",2017-04-29,1100389.05588806,5350.5317577878,"Male",2017
"1266",2017-05-06,1104946.92578686,4557.86989879142,"Male",2017
"1267",2017-05-13,1110339.63163507,5392.70584821259,"Male",2017
"1268",2017-05-20,1115403.20364955,5063.57201448129,"Male",2017
"1269",2017-05-27,1120285.89487461,4882.69122505723,"Male",2017
"1270",2017-06-03,1124432.19061296,4146.2957383506,"Male",2017
"1271",2017-06-10,1129389.7041896,4957.51357664261,"Male",2017
"1272",2017-06-17,1134036.06843039,4646.36424079374,"Male",2017
"1273",2017-06-24,1138827.2057623,4791.13733190228,"Male",2017
"1274",2017-07-01,1143405.69452625,4578.48876395868,"Male",2017
"1275",2017-07-08,1148153.91117642,4748.21665016375,"Male",2017
"1276",2017-07-15,1152858.48001006,4704.56883363728,"Male",2017
"1277",2017-07-22,1157453.26790872,4594.78789866855,"Male",2017
"1278",2017-07-29,1161868.40170782,4415.13379909424,"Male",2017
"1279",2017-08-05,1166335.59464776,4467.19293994014,"Male",2017
"1280",2017-08-12,1170905.72990523,4570.13525747159,"Male",2017
"1281",2017-08-19,1175570.30205785,4664.57215262274,"Male",2017
"1282",2017-08-26,1180152.80238814,4582.50033028796,"Male",2017
"1283",2017-09-02,1184248.00442457,4095.20203642896,"Male",2017
"1284",2017-09-09,1189090.02831008,4842.02388551272,"Male",2017
"1285",2017-09-16,1193839.4216937,4749.39338361914,"Male",2017
"1286",2017-09-23,1198634.36946322,4794.94776951522,"Male",2017
"1287",2017-09-30,1203427.49695489,4793.12749167206,"Male",2017
"1288",2017-10-07,1208280.90802335,4853.41106846114,"Male",2017
"1289",2017-10-14,1213206.0050625,4925.09703914844,"Male",2017
"1290",2017-10-21,1218209.91429225,5003.90922975587,"Male",2017
"1291",2017-10-28,1223047.76925537,4837.85496311099,"Male",2017
"1292",2017-11-04,1228051.20693701,5003.43768164841,"Male",2017
"1293",2017-11-11,1233283.33594119,5232.12900417252,"Male",2017
"1294",2017-11-18,1238391.16649941,5107.83055822109,"Male",2017
"1295",2017-11-25,1243645.58115156,5254.41465215618,"Male",2017
"1296",2017-12-02,1248848.82959405,5203.2484424843,"Male",2017
"1297",2017-12-09,1254207.15586583,5358.32627178379,"Male",2017
"1298",2017-12-16,1259824.71603884,5617.56017300417,"Male",2017
"1299",2017-12-23,1265578.70592635,5753.98988751159,"Male",2017
"1300",2017-12-31,1270387.85999041,4809.15406406391,"Male",2017
"1301",2018-01-07,1276928.85116708,6540.99117666902,"Male",2018
"1302",2018-01-14,1284014.10851911,7085.25735203084,"Male",2018
"1303",2018-01-21,1290732.39988767,6718.2913685604,"Male",2018
"1304",2018-01-28,1297356.36773195,6623.96784428135,"Male",2018
"1305",2018-02-04,1303644.64230405,6288.2745720977,"Male",2018
"1306",2018-02-11,1309685.59366409,6040.95136003941,"Male",2018
"1307",2018-02-18,1315753.59528449,6068.0016203979,"Male",2018
"1308",2018-02-25,1321309.81820087,5556.22291638609,"Male",2018
"1309",2018-03-04,1326801.95406945,5492.13586857659,"Male",2018
"1310",2018-03-11,1333181.07106068,6379.11699123192,"Male",2018
"1311",2018-03-18,1339258.29813097,6077.22707028617,"Male",2018
"1312",2018-03-25,1344779.10667783,5520.80854686513,"Male",2018
"1313",2018-04-01,1349617.49964749,4838.39296965837,"Male",2018
"1314",2018-04-08,1355175.64691879,5558.14727129485,"Male",2018
"1315",2018-04-15,1361251.41996599,6075.77304720343,"Male",2018
"1316",2018-04-22,1366595.88604524,5344.46607924975,"Male",2018
"1317",2018-04-29,1371704.47025538,5108.58421014179,"Male",2018
"1318",2018-05-06,1376582.79561545,4878.32536006626,"Male",2018
"1319",2018-05-13,1381009.64757437,4426.85195892281,"Male",2018
"1320",2018-05-20,1386227.60825616,5217.96068179328,"Male",2018
"1321",2018-05-27,1390799.56371584,4571.95545967692,"Male",2018
"1322",2018-06-03,1395074.33221575,4274.76849990734,"Male",2018
"1323",2018-06-10,1400071.07826665,4996.74605089752,"Male",2018
"1324",2018-06-17,1404754.44218122,4683.36391457845,"Male",2018
"1325",2018-06-24,1409500.31335831,4745.87117708637,"Male",2018
"1326",2018-07-01,1414122.43266542,4622.11930710496,"Male",2018
"1327",2018-07-08,1418810.02595087,4687.59328545537,"Male",2018
"1328",2018-07-15,1423484.66761273,4674.64166186098,"Male",2018
"1329",2018-07-22,1428115.1461638,4630.47855106532,"Male",2018
"1330",2018-07-29,1432659.79437931,4544.64821551042,"Male",2018
"1331",2018-08-05,1437272.70255804,4612.9081787304,"Male",2018
"1332",2018-08-12,1441975.65777921,4702.95522117103,"Male",2018
"1333",2018-08-19,1446447.96370122,4472.30592200812,"Male",2018
"1334",2018-08-26,1450757.56030222,4309.59660100099,"Male",2018
"1335",2018-09-02,1454802.46564384,4044.90534162638,"Male",2018
"1336",2018-09-09,1459623.93280753,4821.4671636885,"Male",2018
"1337",2018-09-16,1464207.36289279,4583.4300852525,"Male",2018
"1338",2018-09-23,1468897.8838429,4690.52095011179,"Male",2018
"1339",2018-09-30,1473560.29124,4662.40739709907,"Male",2018
"1340",2018-10-07,1478355.32437496,4795.0331349615,"Male",2018
"1341",2018-10-14,1483247.3850211,4892.06064614537,"Male",2018
"1342",2018-10-21,1488229.39210039,4982.00707929116,"Male",2018
"1343",2018-10-28,1493041.15736449,4811.76526409551,"Male",2018
"1344",2018-11-04,1497908.40409762,4867.24673313135,"Male",2018
"1345",2018-11-11,1502996.96968526,5088.56558763515,"Male",2018
"1346",2018-11-18,1508110.59762782,5113.62794256723,"Male",2018
"1347",2018-11-25,1513028.57857896,4917.98095113388,"Male",2018
"1348",2018-12-02,1518029.67697763,5001.09839866962,"Male",2018
"1349",2018-12-09,1523061.13042015,5031.45344252605,"Male",2018
"1350",2018-12-16,1528525.57102106,5464.44060090487,"Male",2018
"1351",2018-12-23,1533505.76916908,4980.19814802357,"Male",2018
"1352",2018-12-31,1537826.3115983,4320.5424292183,"Male",2018
"1353",2019-01-07,1543702.2278382,5875.91623990308,"Male",2019
"1354",2019-01-14,1549785.99862323,6083.77078502765,"Male",2019
"1355",2019-01-21,1555672.57650269,5886.57787946146,"Male",2019
"1356",2019-01-28,1561449.54084705,5776.96434435691,"Male",2019
"1357",2019-02-04,1567084.16098375,5634.62013669685,"Male",2019
"1358",2019-02-11,1572944.5644891,5860.40350535675,"Male",2019
"1359",2019-02-18,1578734.69184701,5790.12735791109,"Male",2019
"1360",2019-02-25,1584264.58065928,5529.88881227025,"Male",2019
"1361",2019-03-04,1589777.41117183,5512.83051254135,"Male",2019
"1362",2019-03-11,1595197.49185458,5420.08068275428,"Male",2019
"1363",2019-03-18,1600406.66514163,5209.17328705359,"Male",2019
"1364",2019-03-25,1605493.36069842,5086.69555678638,"Male",2019
"1365",2019-04-01,1610401.95328918,4908.59259075671,"Male",2019
"1366",2019-04-08,1615597.80573671,5195.85244753398,"Male",2019
"1367",2019-04-15,1620497.97828293,4900.17254622094,"Male",2019
"1368",2019-04-22,1625074.50270591,4576.52442297549,"Male",2019
"1369",2019-04-29,1630522.19748236,5447.69477645447,"Male",2019
"1370",2019-05-06,1635627.44205852,5105.24457616336,"Male",2019
"1371",2019-05-13,1640245.20921065,4617.76715212851,"Male",2019
"1372",2019-05-20,1645659.44996184,5414.24075118196,"Male",2019
"1373",2019-05-27,1650188.47782247,4529.02786063636,"Male",2019
"1374",2019-06-03,1654669.19268414,4480.71486166655,"Male",2019
"1375",2019-06-10,1659855.62607654,5186.43339240574,"Male",2019
"1376",2019-06-17,1664535.89776187,4680.27168532857,"Male",2019
"1377",2019-06-24,1669474.25226372,4938.35450184904,"Male",2019
"1378",2019-07-01,1674215.41971385,4741.16745013231,"Male",2019
"1379",2019-07-08,1678740.57325404,4525.15354018705,"Male",2019
"1380",2019-07-15,1683407.65170147,4667.07844742853,"Male",2019
"1381",2019-07-22,1687930.14063979,4522.4889383202,"Male",2019
"1382",2019-07-29,1692565.03646823,4634.89582844521,"Male",2019
"1383",2019-08-05,1697241.34322488,4676.30675664567,"Male",2019
"1384",2019-08-12,1701854.11249813,4612.76927325199,"Male",2019
"1385",2019-08-19,1706612.94730737,4758.83480923832,"Male",2019
"1386",2019-08-26,1710944.89419075,4331.94688338088,"Male",2019
"1387",2019-09-02,1715318.64211038,4373.7479196291,"Male",2019
"1388",2019-09-09,1720274.80267385,4956.16056346707,"Male",2019
"1389",2019-09-16,1725014.71570735,4739.91303349938,"Male",2019
"1390",2019-09-23,1729786.22662504,4771.51091769547,"Male",2019
"1391",2019-09-30,1734687.68099948,4901.45437443606,"Male",2019
"1392",2019-10-07,1739649.08436246,4961.4033629857,"Male",2019
"1393",2019-10-14,1744690.69875183,5041.61438936507,"Male",2019
"1394",2019-10-21,1749748.30138824,5057.6026364055,"Male",2019
"1395",2019-10-28,1754717.57091389,4969.26952565438,"Male",2019
"1396",2019-11-04,1759817.66276962,5100.09185572877,"Male",2019
"1397",2019-11-11,1765126.60891143,5308.94614180946,"Male",2019
"1398",2019-11-18,1770439.14065173,5312.53174029849,"Male",2019
"1399",2019-11-25,1775988.42614931,5549.28549757972,"Male",2019
"1400",2019-12-02,1781486.19848283,5497.77233352256,"Male",2019
"1401",2019-12-09,1786787.59624591,5301.39776308276,"Male",2019
"1402",2019-12-16,1792701.99087755,5914.39463163866,"Male",2019
"1403",2019-12-23,1797453.58310103,4751.59222348197,"Male",2019
"1404",2019-12-31,1802507.59579422,5054.01269318606,"Male",2019
"1405",2020-01-07,1809240.21695019,6732.62115597096,"Male",2020
"1406",2020-01-14,1815903.47518054,6663.25823034835,"Male",2020
"1407",2020-01-21,1821994.17387285,6090.69869231479,"Male",2020
"1408",2020-01-28,1827846.71270998,5852.53883712669,"Male",2020
"1409",2020-02-04,1833402.19686158,5555.48415159876,"Male",2020
"1410",2020-02-11,1838828.67477083,5426.47790924762,"Male",2020
"1411",2020-02-18,1844306.3781076,5477.7033367753,"Male",2020
"1412",2020-02-25,1849734.97314863,5428.59504102729,"Male",2020
"1413",2020-03-03,1855171.99168856,5437.01853993186,"Male",2020
"1414",2020-03-10,1860702.91140909,5530.91972052818,"Male",2020
"1415",2020-03-17,1866228.2285643,5525.31715521519,"Male",2020
"1416",2020-03-24,1871498.19765732,5269.96909301332,"Male",2020
"1417",2020-03-31,1878971.85835745,7473.6607001368,"Male",2020
"1418",2020-04-07,1888553.66045806,9581.80210060859,"Male",2020
"1419",2020-04-14,1899387.09164704,10833.4311889736,"Male",2020
"1420",2020-04-21,1910999.32280802,11612.2311609895,"Male",2020
"1421",2020-04-28,1921106.13315585,10106.8103478267,"Male",2020
"1422",2020-05-05,1928084.27576391,6978.14260805398,"Male",2020
"1423",2020-05-12,1934793.25358445,6708.97782054008,"Male",2020
"1424",2020-05-19,1941661.41543767,6868.16185322544,"Male",2020
"1425",2020-05-26,1946815.21294475,5153.79750708281,"Male",2020
"1426",2020-06-02,1951905.00100489,5089.78806013451,"Male",2020
"1427",2020-06-09,1957118.90840013,5213.90739523713,"Male",2020
"1428",2020-06-16,1961962.49658995,4843.58818982099,"Male",2020
"1429",2020-06-23,1966548.08774738,4585.59115743218,"Male",2020
"1430",2020-06-30,1971128.21947593,4580.13172855461,"Male",2020
"1431",2020-07-07,1975659.06933431,4530.84985837829,"Male",2020
"1432",2020-07-14,1980007.1591635,4348.08982918644,"Male",2020
"1433",2020-07-21,1984435.6030496,4428.44388610078,"Male",2020
"1434",2020-07-28,1988994.16041653,4558.55736693507,"Male",2020
"1435",2020-08-04,1993515.18677115,4521.02635461348,"Male",2020
"1436",2020-08-11,1998161.2003706,4646.01359945093,"Male",2020
"1437",2020-08-18,2002976.02923917,4814.828868574,"Male",2020
"1438",2020-08-25,2007754.5077456,4778.47850642749,"Male",2020
"1439",2020-09-01,2011806.48496793,4051.9772223339,"Male",2020
"1440",2020-09-08,2016337.39203281,4530.90706487885,"Male",2020
"1441",2020-09-15,2021358.78363551,5021.39160269848,"Male",2020
"1442",2020-09-22,2026178.15272544,4819.3690899252,"Male",2020
"1443",2020-09-29,2031211.78913621,5033.63641077885,"Male",2020
"1444",2020-10-06,2036302.64991338,5090.86077716295,"Male",2020
"1445",2020-10-13,2041488.77156013,5186.12164675025,"Male",2020
"1446",2020-10-20,2046849.30466244,5360.53310230863,"Male",2020
"1447",2020-10-27,2052316.30716622,5467.00250378181,"Male",2020
"1448",2020-11-03,2058130.11098756,5813.80382133927,"Male",2020
"1449",2020-11-10,2064354.06521008,6223.95422252337,"Male",2020
"1450",2020-11-17,2070825.08006716,6471.01485708007,"Male",2020
"1451",2020-11-24,2077329.69032302,6504.61025586235,"Male",2020
"1452",2020-12-01,2083700.97788273,6371.28755970369,"Male",2020
"1453",2020-12-08,2089963.30485161,6262.32696887921,"Male",2020
"1454",2020-12-15,2096516.91058257,6553.60573096015,"Male",2020
"1455",2020-12-22,2102982.29771609,6465.38713351917,"Male",2020
"1456",2020-12-30,2108702.13344966,5719.83573357807,"Male",2020
"1457",2021-01-07,2117986.78584683,9284.6523971702,"Male",2021
"1458",2021-01-14,2127252.02563299,9265.23978615971,"Male",2021
"1459",2021-01-21,2136737.93086317,9485.90523018036,"Male",2021
"1460",2021-01-28,2146139.94479186,9402.0139286872,"Male",2021
"1461",2021-02-04,2154894.87597521,8754.93118335027,"Male",2021
"1462",2021-02-11,2162860.43468922,7965.55871400423,"Male",2021
"1463",2021-02-18,2169994.15203177,7133.71734255645,"Male",2021
"1464",2021-02-25,2176491.17584259,6497.02381081413,"Male",2021
"1465",2021-03-04,2182489.61398564,5998.4381430503,"Male",2021
"1466",2021-03-11,2188119.79970175,5630.18571610982,"Male",2021
"1467",2021-03-18,2193397.07350475,5277.27380300593,"Male",2021
"1468",2021-03-25,2198590.0666291,5192.99312434439,"Male",2021
"1469",2021-04-01,2202809.59875437,4219.53212527232,"Male",2021
"1470",2021-04-08,2207255.54126888,4445.94251450896,"Male",2021
"1471",2021-04-15,2212473.06415846,5217.52288957918,"Male",2021
"1472",2021-04-22,2217496.10588738,5023.0417289231,"Male",2021
"1473",2021-04-29,2222571.28780222,5075.18191484455,"Male",2021
"1474",2021-05-06,2226759.31433229,4188.02653006697,"Male",2021
"1475",2021-05-13,2231777.96215724,5018.64782494586,"Male",2021
"1476",2021-05-20,2236911.54549357,5133.58333632909,"Male",2021
"1477",2021-05-27,2241908.00455654,4996.4590629749,"Male",2021
"1478",2021-06-03,2245979.96980796,4071.96525142156,"Male",2021
"1479",2021-06-10,2251020.94711539,5040.9773074314,"Male",2021
"1480",2021-06-17,2255883.48954387,4862.54242847348,"Male",2021
"1481",2021-06-24,2260346.92561292,4463.4360690536,"Male",2021
"1482",2021-07-01,2264868.44648841,4521.52087548701,"Male",2021
"1483",2021-07-08,2269781.32341886,4912.87693045568,"Male",2021
"1484",2021-07-15,2274724.56012768,4943.23670881288,"Male",2021
"1485",2021-07-22,2279644.66930658,4920.10917889932,"Male",2021
"1486",2021-07-29,2284788.08917663,5143.41987005202,"Male",2021
"1487",2021-08-05,2289903.67369536,5115.58451873483,"Male",2021
"1488",2021-08-12,2295137.39971539,5233.7260200223,"Male",2021
"1489",2021-08-19,2300257.06563551,5119.66592012718,"Male",2021
"1490",2021-08-26,2305551.52433148,5294.45869597048,"Male",2021
"1491",2021-09-02,2309997.80788403,4446.28355255071,"Male",2021
"1492",2021-09-09,2315529.42197495,5531.61409091158,"Male",2021
"1493",2021-09-16,2321116.2185019,5586.79652695078,"Male",2021
"1494",2021-09-23,2326584.89060639,5468.67210449232,"Male",2021
"1495",2021-09-30,2331899.74385389,5314.85324749956,"Male",2021
"1496",2021-10-07,2337453.16896348,5553.42510959087,"Male",2021
"1497",2021-10-14,2343103.55405313,5650.38508964702,"Male",2021
"1498",2021-10-21,2348919.58275404,5816.02870091703,"Male",2021
"1499",2021-10-28,2354580.53767122,5660.95491718082,"Male",2021
"1500",2021-11-04,2360392.87297505,5812.33530382905,"Male",2021
"1501",2021-11-11,2366517.39025363,6124.51727858139,"Male",2021
"1502",2021-11-18,2372643.711783,6126.32152936794,"Male",2021
"1503",2021-11-25,2378480.06582135,5836.35403834982,"Male",2021
"1504",2021-12-02,2384321.20860506,5841.14278370561,"Male",2021
"1505",2021-12-09,2390384.09101206,6062.88240700215,"Male",2021
"1506",2021-12-16,2396534.1241397,6150.03312764363,"Male",2021
"1507",2021-12-23,2403295.17627752,6761.05213781726,"Male",2021
"1508",2021-12-31,2408209,4913.82372247893,"Male",2021
"1509",2022-01-07,2414254,6045,"Male",2022
"1510",2022-01-14,2421070,6816,"Male",2022
"1511",2022-01-21,2427617,6547,"Male",2022
"1512",2022-01-28,2433931,6314,"Male",2022
"1513",2022-02-04,2440041,6110,"Male",2022
"1514",2022-02-11,2445885,5844,"Male",2022
"1515",2022-02-18,2451601,5716,"Male",2022
"1516",2022-02-25,2457271,5670,"Male",2022
"1517",2022-03-04,2462955,5684,"Male",2022
"1518",2022-03-11,2468602,5647,"Male",2022
"1519",2022-03-18,2474261,5659,"Male",2022
"1520",2022-03-25,2479830,5569,"Male",2022
"1521",2022-04-01,2484750,4920,"Male",2022
"1522",2022-04-08,2490199,5449,"Male",2022
"1523",2022-04-15,2495268,5069,"Male",2022
"1524",2022-04-22,2500592,5324,"Male",2022
"1525",2022-04-29,2506850,6258,"Male",2022
"1526",2022-05-06,2511926,5076,"Male",2022
"1527",2022-05-13,2518056,6130,"Male",2022
"1528",2022-05-20,2523875,5819,"Male",2022
"1529",2022-05-27,2529452,5577,"Male",2022
"1530",2022-06-03,2532937,3485,"Male",2022
"1531",2022-06-10,2538803,5866,"Male",2022
"1532",2022-06-17,2544402,5599,"Male",2022
"1533",2022-06-24,2549908,5506,"Male",2022
"1534",2022-07-01,2555126,5218,"Male",2022
"1535",2022-07-08,2560395,5269,"Male",2022
"1536",2022-07-15,2565695,5300,"Male",2022
"1537",2022-07-22,2571357,5662,"Male",2022
"1538",2022-07-29,2576832,5475,"Male",2022
"1539",2022-08-05,2582230,5398,"Male",2022
"1540",2022-08-12,2587549,5319,"Male",2022
"1541",2022-08-19,2593131,5582,"Male",2022
"1542",2022-08-26,2598625,5494,"Male",2022
"1543",2022-09-02,2603130,4505,"Male",2022
"1544",2022-09-09,2608682,5552,"Male",2022
"1545",2022-09-16,2614147,5465,"Male",2022
"1546",2022-09-23,2618622,4475,"Male",2022
"1547",2022-09-30,2624152,5530,"Male",2022
"1548",2022-10-07,2629790,5638,"Male",2022
"1549",2022-10-14,2635764,5974,"Male",2022
"1550",2022-10-21,2641823,6059,"Male",2022
"1551",2022-10-28,2647486,5663,"Male",2022
"1552",2022-11-04,2653453,5967,"Male",2022
"1553",2022-11-11,2659340,5887,"Male",2022
"1554",2022-11-18,2665121,5781,"Male",2022
"1555",2022-11-25,2670896,5775,"Male",2022
"1556",2022-12-02,2676521,5625,"Male",2022
"1557",2022-12-09,2682299,5778,"Male",2022
"1558",2022-12-16,2688479,6180,"Male",2022
"1559",2022-12-23,2695605,7126,"Male",2022
"1560",2022-12-31,2700328.9293072,4723.92930719629,"Male",2022
