year,age,mid_year_population,num_week
2015,0 to 14,361077.51817061345,1
2015,0 to 14,361098.92861255567,2
2015,0 to 14,361121.7777122677,3
2015,0 to 14,361146.0461755974,4
2015,0 to 14,361171.7147083925,5
2015,0 to 14,361198.76401650085,6
2015,0 to 14,361227.17480577005,7
2015,0 to 14,361256.927782048,8
2015,0 to 14,361288.00365118246,9
2015,0 to 14,361320.38311902113,10
2015,0 to 14,361354.0468914118,11
2015,0 to 14,361388.9756742024,12
2015,0 to 14,361425.15017324046,13
2015,0 to 14,361462.55109437386,14
2015,0 to 14,361501.15914345044,15
2015,0 to 14,361540.95502631785,16
2015,0 to 14,361581.9194488239,17
2015,0 to 14,361624.03311681637,18
2015,0 to 14,361667.2767361431,19
2015,0 to 14,361711.6310126517,20
2015,0 to 14,361757.0766521901,21
2015,0 to 14,361803.594360606,22
2015,0 to 14,361851.16484374716,23
2015,0 to 14,361899.76880746137,24
2015,0 to 14,361949.3869575964,25
2015,0 to 14,362000,26
2015,0 to 14,362051.58864051994,27
2015,0 to 14,362104.1335850041,28
2015,0 to 14,362157.6155393001,29
2015,0 to 14,362212.01520925574,30
2015,0 to 14,362267.31330071884,31
2015,0 to 14,362323.4905195371,32
2015,0 to 14,362380.5275715584,33
2015,0 to 14,362438.4051626305,34
2015,0 to 14,362497.10399860103,35
2015,0 to 14,362556.6047853179,36
2015,0 to 14,362616.88822862884,37
2015,0 to 14,362677.9350343816,38
2015,0 to 14,362739.72590842395,39
2015,0 to 14,362802.2415566037,40
2015,0 to 14,362865.46268476854,41
2015,0 to 14,362929.36999876634,42
2015,0 to 14,362993.9442044448,43
2015,0 to 14,363059.1660076518,44
2015,0 to 14,363125.0161142349,45
2015,0 to 14,363191.4752300421,46
2015,0 to 14,363258.52406092105,47
2015,0 to 14,363326.14331271953,48
2015,0 to 14,363394.3136912853,49
2015,0 to 14,363463.0159024662,50
2015,0 to 14,363532.2306521099,51
2015,0 to 14,363601.93864606426,52
2015,0 to 14,363672.12059017696,53
2015,15 to 44,729385.2028893994,1
2015,15 to 44,729426.6722605558,2
2015,15 to 44,729464.4013895529,3
2015,15 to 44,729498.4338135555,4
2015,15 to 44,729528.8130697287,5
2015,15 to 44,729555.5826952375,6
2015,15 to 44,729578.7862272469,7
2015,15 to 44,729598.4672029219,8
2015,15 to 44,729614.6691594274,9
2015,15 to 44,729627.4356339286,10
2015,15 to 44,729636.8101635905,11
2015,15 to 44,729642.836285578,12
2015,15 to 44,729645.5575370562,13
2015,15 to 44,729645.01745519,14
2015,15 to 44,729641.2595771444,15
2015,15 to 44,729634.3274400845,16
2015,15 to 44,729624.2645811754,17
2015,15 to 44,729611.1145375819,18
2015,15 to 44,729594.9208464691,19
2015,15 to 44,729575.727045002,20
2015,15 to 44,729553.5766703457,21
2015,15 to 44,729528.5132596651,22
2015,15 to 44,729500.5803501252,23
2015,15 to 44,729469.8214788911,24
2015,15 to 44,729436.2801831276,25
2015,15 to 44,729400,26
2015,15 to 44,729361.0244666731,27
2015,15 to 44,729319.397120312,28
2015,15 to 44,729275.1614980818,29
2015,15 to 44,729228.3611371472,30
2015,15 to 44,729179.0395746734,31
2015,15 to 44,729127.2403478256,32
2015,15 to 44,729073.0069937684,33
2015,15 to 44,729016.3830496671,34
2015,15 to 44,728957.4120526867,35
2015,15 to 44,728896.1375399921,36
2015,15 to 44,728832.6030487483,37
2015,15 to 44,728766.8521161205,38
2015,15 to 44,728698.9282792734,39
2015,15 to 44,728628.8750753723,40
2015,15 to 44,728556.7360415821,41
2015,15 to 44,728482.5547150676,42
2015,15 to 44,728406.3746329942,43
2015,15 to 44,728328.2393325266,44
2015,15 to 44,728248.19235083,45
2015,15 to 44,728166.2772250692,46
2015,15 to 44,728082.5374924095,47
2015,15 to 44,727997.0166900157,48
2015,15 to 44,727909.7583550528,49
2015,15 to 44,727820.8060246859,50
2015,15 to 44,727730.2032360799,51
2015,15 to 44,727637.9935263998,52
2015,15 to 44,727544.2204328108,53
2015,45 to 64,464813.72249963,1
2015,45 to 64,464967.6212236651,2
2015,45 to 64,465120.2007044728,3
2015,45 to 64,465271.4759778651,4
2015,45 to 64,465421.4620796541,5
2015,45 to 64,465570.1740456518,6
2015,45 to 64,465717.6269116704,7
2015,45 to 64,465863.83571352175,8
2015,45 to 64,466008.81548701803,9
2015,45 to 64,466152.5812679712,10
2015,45 to 64,466295.1480921934,11
2015,45 to 64,466436.53099549667,12
2015,45 to 64,466576.745013693,13
2015,45 to 64,466715.8051825945,14
2015,45 to 64,466853.7265380132,15
2015,45 to 64,466990.5241157611,16
2015,45 to 64,467126.2129516504,17
2015,45 to 64,467260.8080814929,18
2015,45 to 64,467394.3245411009,19
2015,45 to 64,467526.7773662863,20
2015,45 to 64,467658.1815928612,21
2015,45 to 64,467788.55225663766,22
2015,45 to 64,467917.9043934277,23
2015,45 to 64,468046.25303904345,24
2015,45 to 64,468173.61322929687,25
2015,45 to 64,468300,26
2015,45 to 64,468425.42838696495,27
2015,45 to 64,468549.91342600377,28
2015,45 to 64,468673.47015292844,29
2015,45 to 64,468796.1136035511,30
2015,45 to 64,468917.8588136838,31
2015,45 to 64,469038.72081913846,32
2015,45 to 64,469158.71465572726,33
2015,45 to 64,469277.85535926226,34
2015,45 to 64,469396.15796555544,35
2015,45 to 64,469513.63751041883,36
2015,45 to 64,469630.30902966455,37
2015,45 to 64,469746.18755910464,38
2015,45 to 64,469861.2881345511,39
2015,45 to 64,469975.62579181604,40
2015,45 to 64,470089.2155667115,41
2015,45 to 64,470202.07249504945,42
2015,45 to 64,470314.21161264204,43
2015,45 to 64,470425.64795530133,44
2015,45 to 64,470536.3965588393,45
2015,45 to 64,470646.472459068,46
2015,45 to 64,470755.8906917995,47
2015,45 to 64,470864.6662928459,48
2015,45 to 64,470972.8142980192,49
2015,45 to 64,471080.34974313143,50
2015,45 to 64,471187.2876639947,51
2015,45 to 64,471293.64309642103,52
2015,45 to 64,471399.43107622245,53
2015,65 to 74,159910.1450467749,1
2015,65 to 74,160034.28764618747,2
2015,65 to 74,160156.95757434302,3
2015,65 to 74,160278.1670448699,4
2015,65 to 74,160397.92827139626,5
2015,65 to 74,160516.25346755047,6
2015,65 to 74,160633.15484696077,7
2015,65 to 74,160748.64462325536,8
2015,65 to 74,160862.73501006258,9
2015,65 to 74,160975.43822101064,10
2015,65 to 74,161086.76646972785,11
2015,65 to 74,161196.73196984245,12
2015,65 to 74,161305.3469349827,13
2015,65 to 74,161412.62357877684,14
2015,65 to 74,161518.57411485317,15
2015,65 to 74,161623.21075683995,16
2015,65 to 74,161726.54571836544,17
2015,65 to 74,161828.5912130579,18
2015,65 to 74,161929.35945454557,19
2015,65 to 74,162028.86265645677,20
2015,65 to 74,162127.1130324197,21
2015,65 to 74,162224.12279606267,22
2015,65 to 74,162319.90416101392,23
2015,65 to 74,162414.4693409017,24
2015,65 to 74,162507.83054935432,25
2015,65 to 74,162600,26
2015,65 to 74,162690.98990646703,27
2015,65 to 74,162780.81248238366,28
2015,65 to 74,162869.47994137814,29
2015,65 to 74,162957.00449707877,30
2015,65 to 74,163043.39836311378,31
2015,65 to 74,163128.67375311142,32
2015,65 to 74,163212.84288070002,33
2015,65 to 74,163295.9179595078,34
2015,65 to 74,163377.911203163,35
2015,65 to 74,163458.83482529392,36
2015,65 to 74,163538.7010395288,37
2015,65 to 74,163617.52205949594,38
2015,65 to 74,163695.31009882357,39
2015,65 to 74,163772.07737113995,40
2015,65 to 74,163847.83609007337,41
2015,65 to 74,163922.59846925206,42
2015,65 to 74,163996.37672230433,43
2015,65 to 74,164069.18306285838,44
2015,65 to 74,164141.0297045425,45
2015,65 to 74,164211.928860985,46
2015,65 to 74,164281.8927458141,47
2015,65 to 74,164350.93357265805,48
2015,65 to 74,164419.06355514514,49
2015,65 to 74,164486.29490690364,50
2015,65 to 74,164552.6398415618,51
2015,65 to 74,164618.11057274786,52
2015,65 to 74,164682.7193140901,53
2015,75 to 84,93081.68448351337,1
2015,75 to 84,93106.69397453724,2
2015,75 to 84,93131.6461641993,3
2015,75 to 84,93156.54551712975,4
2015,75 to 84,93181.39649795878,5
2015,75 to 84,93206.20357131655,6
2015,75 to 84,93230.9712018333,7
2015,75 to 84,93255.70385413915,8
2015,75 to 84,93280.40599286434,9
2015,75 to 84,93305.08208263904,10
2015,75 to 84,93329.73658809342,11
2015,75 to 84,93354.3739738577,12
2015,75 to 84,93378.99870456205,13
2015,75 to 84,93403.61524483665,14
2015,75 to 84,93428.22805931169,15
2015,75 to 84,93452.84161261737,16
2015,75 to 84,93477.46036938386,17
2015,75 to 84,93502.08879424137,18
2015,75 to 84,93526.73135182005,19
2015,75 to 84,93551.39250675013,20
2015,75 to 84,93576.07672366177,21
2015,75 to 84,93600.78846718515,22
2015,75 to 84,93625.53220195048,23
2015,75 to 84,93650.31239258795,24
2015,75 to 84,93675.13350372772,25
2015,75 to 84,93700,26
2015,75 to 84,93724.91634603497,27
2015,75 to 84,93749.88700646281,28
2015,75 to 84,93774.91644591371,29
2015,75 to 84,93800.00912901787,30
2015,75 to 84,93825.16952040547,31
2015,75 to 84,93850.40208470669,32
2015,75 to 84,93875.71128655173,33
2015,75 to 84,93901.10159057075,34
2015,75 to 84,93926.57746139397,35
2015,75 to 84,93952.14336365156,36
2015,75 to 84,93977.80376197372,37
2015,75 to 84,94003.56312099061,38
2015,75 to 84,94029.42590533243,39
2015,75 to 84,94055.39657962939,40
2015,75 to 84,94081.47960851165,41
2015,75 to 84,94107.67945660942,42
2015,75 to 84,94134.00058855285,43
2015,75 to 84,94160.44746897217,44
2015,75 to 84,94187.02456249754,45
2015,75 to 84,94213.73633375915,46
2015,75 to 84,94240.5872473872,47
2015,75 to 84,94267.58176801185,48
2015,75 to 84,94294.72436026332,49
2015,75 to 84,94322.01948877178,50
2015,75 to 84,94349.47161816743,51
2015,75 to 84,94377.08521308043,52
2015,75 to 84,94404.864738141,53
2015,85+,34938.28159591217,1
2015,85+,34956.24288582752,2
2015,85+,34974.25603678126,3
2015,85+,34992.319800010206,4
2015,85+,35010.43292675117,5
2015,85+,35028.59416824098,6
2015,85+,35046.802275716465,7
2015,85+,35065.05600041443,8
2015,85+,35083.35409357171,9
2015,85+,35101.69530642512,10
2015,85+,35120.078390211485,11
2015,85+,35138.50209616763,12
2015,85+,35156.965175530364,13
2015,85+,35175.46637953652,14
2015,85+,35194.00445942292,15
2015,85+,35212.57816642637,16
2015,85+,35231.186251783714,17
2015,85+,35249.82746673175,18
2015,85+,35268.50056250732,19
2015,85+,35287.20429034723,20
2015,85+,35305.937401488314,21
2015,85+,35324.69864716739,22
2015,85+,35343.48677862127,23
2015,85+,35362.30054708679,24
2015,85+,35381.13870380075,25
2015,85+,35400,26
2015,85+,35418.88318692134,27
2015,85+,35437.7870158016,28
2015,85+,35456.7102378776,29
2015,85+,35475.65160438616,30
2015,85+,35494.609866564104,31
2015,85+,35513.58377564826,32
2015,85+,35532.57208287543,33
2015,85+,35551.57353948245,34
2015,85+,35570.58689670614,35
2015,85+,35589.61090578332,36
2015,85+,35608.644317950806,37
2015,85+,35627.68588444543,38
2015,85+,35646.734356504014,39
2015,85+,35665.788485363366,40
2015,85+,35684.847022260314,41
2015,85+,35703.90871843169,42
2015,85+,35722.97232511429,43
2015,85+,35742.036593544966,44
2015,85+,35761.100274960525,45
2015,85+,35780.16212059778,46
2015,85+,35799.22088169357,47
2015,85+,35818.2753094847,48
2015,85+,35837.324155208,49
2015,85+,35856.36617010029,50
2015,85+,35875.400105398396,51
2015,85+,35894.42471233913,52
2015,85+,35913.43874215933,53
2016,0 to 14,363742.75719029584,1
2016,0 to 14,363813.8291522687,2
2016,0 to 14,363885.3171819432,3
2016,0 to 14,363957.2019851672,4
2016,0 to 14,364029.46426778845,5
2016,0 to 14,364102.0847356547,6
2016,0 to 14,364175.04409461375,7
2016,0 to 14,364248.3230505134,8
2016,0 to 14,364321.9023092013,9
2016,0 to 14,364395.76257652533,10
2016,0 to 14,364469.88455833326,11
2016,0 to 14,364544.2489604728,12
2016,0 to 14,364618.83648879174,13
2016,0 to 14,364693.6278491379,14
2016,0 to 14,364768.60374735895,15
2016,0 to 14,364843.74488930276,16
2016,0 to 14,364919.0319808171,17
2016,0 to 14,364994.4457277496,18
2016,0 to 14,365069.96683594823,19
2016,0 to 14,365145.5760112606,20
2016,0 to 14,365221.2539595346,21
2016,0 to 14,365296.9813866179,22
2016,0 to 14,365372.7389983583,23
2016,0 to 14,365448.5075006036,24
2016,0 to 14,365524.2675992016,25
2016,0 to 14,365600,26
2016,0 to 14,365675.6811320976,27
2016,0 to 14,365751.27031759726,28
2016,0 to 14,365826.7226018528,29
2016,0 to 14,365901.993030218,30
2016,0 to 14,365977.03664804675,31
2016,0 to 14,366051.80850069295,32
2016,0 to 14,366126.26363351033,33
2016,0 to 14,366200.3570918528,34
2016,0 to 14,366274.0439210742,35
2016,0 to 14,366347.27916652826,36
2016,0 to 14,366420.017873569,37
2016,0 to 14,366492.21508755005,38
2016,0 to 14,366563.82585382543,39
2016,0 to 14,366634.80521774886,40
2016,0 to 14,366705.10822467424,41
2016,0 to 14,366774.68991995545,42
2016,0 to 14,366843.5053489462,43
2016,0 to 14,366911.5095570004,44
2016,0 to 14,366978.6575894719,45
2016,0 to 14,367044.90449171455,46
2016,0 to 14,367110.2053090821,47
2016,0 to 14,367174.5150869285,48
2016,0 to 14,367237.78887060756,49
2016,0 to 14,367299.98170547304,50
2016,0 to 14,367361.0486368789,51
2016,0 to 14,367420.9447101788,52
2016,15 to 44,727448.9274924778,1
2016,15 to 44,727352.1582425658,2
2016,15 to 44,727253.9562202399,3
2016,15 to 44,727154.3649626649,4
2016,15 to 44,727053.428007006,5
2016,15 to 44,726951.188890428,6
2016,15 to 44,726847.6911500961,7
2016,15 to 44,726742.9783231753,8
2016,15 to 44,726637.0939468306,9
2016,15 to 44,726530.0815582268,10
2016,15 to 44,726421.9846945292,11
2016,15 to 44,726312.8468929027,12
2016,15 to 44,726202.7116905123,13
2016,15 to 44,726091.622624523,14
2016,15 to 44,725979.6232320997,15
2016,15 to 44,725866.7570504076,16
2016,15 to 44,725753.0676166117,17
2016,15 to 44,725638.5984678768,18
2016,15 to 44,725523.3931413682,19
2016,15 to 44,725407.4951742506,20
2016,15 to 44,725290.9481036892,21
2016,15 to 44,725173.795466849,22
2016,15 to 44,725056.080800895,23
2016,15 to 44,724937.8476429922,24
2016,15 to 44,724819.1395303054,25
2016,15 to 44,724700,26
2016,15 to 44,724580.477666144,27
2016,15 to 44,724460.6414504189,28
2016,15 to 44,724340.565351409,29
2016,15 to 44,724220.323367699,30
2016,15 to 44,724099.9894978737,31
2016,15 to 44,723979.6377405174,32
2016,15 to 44,723859.3420942147,33
2016,15 to 44,723739.1765575503,34
2016,15 to 44,723619.2151291086,35
2016,15 to 44,723499.5318074744,36
2016,15 to 44,723380.2005912322,37
2016,15 to 44,723261.2954789664,38
2016,15 to 44,723142.8904692617,39
2016,15 to 44,723025.0595607028,40
2016,15 to 44,722907.876751874,41
2016,15 to 44,722791.4160413601,42
2016,15 to 44,722675.7514277456,43
2016,15 to 44,722560.9569096151,44
2016,15 to 44,722447.1064855531,45
2016,15 to 44,722334.2741541442,46
2016,15 to 44,722222.533913973,47
2016,15 to 44,722111.9597636241,48
2016,15 to 44,722002.6257016821,49
2016,15 to 44,721894.6057267314,50
2016,15 to 44,721787.9738373568,51
2016,15 to 44,721682.8040321426,52
2016,45 to 64,471504.666639211,1
2016,45 to 64,471609.3648211988,2
2016,45 to 64,471713.5406579979,3
2016,45 to 64,471817.20918542024,4
2016,45 to 64,471920.385439278,5
2016,45 to 64,472023.0844553831,6
2016,45 to 64,472125.32126954774,7
2016,45 to 64,472227.11091758386,8
2016,45 to 64,472328.46843530354,9
2016,45 to 64,472429.4088585188,10
2016,45 to 64,472529.9472230418,11
2016,45 to 64,472630.09856468445,12
2016,45 to 64,472729.8779192589,13
2016,45 to 64,472829.3003225771,14
2016,45 to 64,472928.3808104512,15
2016,45 to 64,473027.13441869325,16
2016,45 to 64,473125.57618311525,17
2016,45 to 64,473223.72113952925,18
2016,45 to 64,473321.5843237474,19
2016,45 to 64,473419.18077158154,20
2016,45 to 64,473516.5255188439,21
2016,45 to 64,473613.6336013465,22
2016,45 to 64,473710.52005490137,23
2016,45 to 64,473807.1999153205,24
2016,45 to 64,473903.68821841606,25
2016,45 to 64,474000,26
2016,45 to 64,474096.15454234066,27
2016,45 to 64,474192.1881135313,28
2016,45 to 64,474288.1412281213,29
2016,45 to 64,474384.05440066016,30
2016,45 to 64,474479.9681456974,31
2016,45 to 64,474575.92297778244,32
2016,45 to 64,474671.95941146475,33
2016,45 to 64,474768.11796129384,34
2016,45 to 64,474864.43914181914,35
2016,45 to 64,474960.96346759016,36
2016,45 to 64,475057.73145315633,37
2016,45 to 64,475154.7836130671,38
2016,45 to 64,475252.160461872,39
2016,45 to 64,475349.90251412045,40
2016,45 to 64,475448.05028436193,41
2016,45 to 64,475546.64428714593,42
2016,45 to 64,475645.7250370219,43
2016,45 to 64,475745.33304853935,44
2016,45 to 64,475845.50883624767,45
2016,45 to 64,475946.2929146964,46
2016,45 to 64,476047.7257984349,47
2016,45 to 64,476149.8480020128,48
2016,45 to 64,476252.7000399795,49
2016,45 to 64,476356.32242688444,50
2016,45 to 64,476460.7556772771,51
2016,45 to 64,476566.04030570696,52
2016,65 to 74,164746.4782792168,1
2016,65 to 74,164809.39968175621,2
2016,65 to 74,164871.4957353366,3
2016,65 to 74,164932.7786535862,4
2016,65 to 74,164993.26065013334,5
2016,65 to 74,165052.95393860622,6
2016,65 to 74,165111.87073263314,7
2016,65 to 74,165170.02324584234,8
2016,65 to 74,165227.4236918621,9
2016,65 to 74,165284.08428432068,10
2016,65 to 74,165340.01723684632,11
2016,65 to 74,165395.23476306733,12
2016,65 to 74,165449.74907661194,13
2016,65 to 74,165503.57239110844,14
2016,65 to 74,165556.71692018505,15
2016,65 to 74,165609.19487747006,16
2016,65 to 74,165661.01847659174,17
2016,65 to 74,165712.19993117833,18
2016,65 to 74,165762.75145485814,19
2016,65 to 74,165812.68526125935,20
2016,65 to 74,165862.01356401033,21
2016,65 to 74,165910.74857673925,22
2016,65 to 74,165958.90251307443,23
2016,65 to 74,166006.4875866441,24
2016,65 to 74,166053.51601107654,25
2016,65 to 74,166100,26
2016,65 to 74,166145.9531333795,27
2016,65 to 74,166191.39445652676,28
2016,65 to 74,166236.34438109037,29
2016,65 to 74,166280.8233187188,30
2016,65 to 74,166324.8516810606,31
2016,65 to 74,166368.44987976423,32
2016,65 to 74,166411.63832647825,33
2016,65 to 74,166454.43743285118,34
2016,65 to 74,166496.8676105315,35
2016,65 to 74,166538.94927116774,36
2016,65 to 74,166580.7028264084,37
2016,65 to 74,166622.14868790202,38
2016,65 to 74,166663.3072672971,39
2016,65 to 74,166704.19897624216,40
2016,65 to 74,166744.84422638567,41
2016,65 to 74,166785.2634293762,42
2016,65 to 74,166825.47699686227,43
2016,65 to 74,166865.50534049235,44
2016,65 to 74,166905.36887191495,45
2016,65 to 74,166945.08800277865,46
2016,65 to 74,166984.68314473188,47
2016,65 to 74,167024.1747094232,48
2016,65 to 74,167063.58310850113,49
2016,65 to 74,167102.92875361416,50
2016,65 to 74,167142.23205641084,51
2016,65 to 74,167181.51342853962,52
2016,75 to 84,94432.8146579793,1
2016,75 to 84,94460.93943722553,2
2016,75 to 84,94489.24354050988,3
2016,75 to 84,94517.73143246252,4
2016,75 to 84,94546.40757771366,5
2016,75 to 84,94575.27644089347,6
2016,75 to 84,94604.34248663216,7
2016,75 to 84,94633.61017955988,8
2016,75 to 84,94663.08398430685,9
2016,75 to 84,94692.76836550325,10
2016,75 to 84,94722.66778777925,11
2016,75 to 84,94752.78671576505,12
2016,75 to 84,94783.12961409084,13
2016,75 to 84,94813.70094738681,14
2016,75 to 84,94844.50518028313,15
2016,75 to 84,94875.54677741,16
2016,75 to 84,94906.8302033976,17
2016,75 to 84,94938.35992287613,18
2016,75 to 84,94970.14040047578,19
2016,75 to 84,95002.1761008267,20
2016,75 to 84,95034.47148855912,21
2016,75 to 84,95067.0310283032,22
2016,75 to 84,95099.85918468915,23
2016,75 to 84,95132.96042234714,24
2016,75 to 84,95166.33920590737,25
2016,75 to 84,95200,26
2016,75 to 84,95233.94804650481,27
2016,75 to 84,95268.19169629978,28
2016,75 to 84,95302.74007751246,29
2016,75 to 84,95337.60231827042,30
2016,75 to 84,95372.78754670122,31
2016,75 to 84,95408.3048909324,32
2016,75 to 84,95444.16347909153,33
2016,75 to 84,95480.37243930614,34
2016,75 to 84,95516.94089970383,35
2016,75 to 84,95553.87798841212,36
2016,75 to 84,95591.19283355858,37
2016,75 to 84,95628.89456327078,38
2016,75 to 84,95666.99230567623,39
2016,75 to 84,95705.49518890255,40
2016,75 to 84,95744.41234107726,41
2016,75 to 84,95783.7528903279,42
2016,75 to 84,95823.52596478206,43
2016,75 to 84,95863.7406925673,44
2016,75 to 84,95904.40620181114,45
2016,75 to 84,95945.53162064115,46
2016,75 to 84,95987.1260771849,47
2016,75 to 84,96029.19869956996,48
2016,75 to 84,96071.75861592384,49
2016,75 to 84,96114.81495437413,50
2016,75 to 84,96158.37684304838,51
2016,75 to 84,96202.45341007414,52
2016,85+,35932.44094609579,1
2016,85+,35951.43007538536,2
2016,85+,35970.40488126484,3
2016,85+,35989.36411497107,4
2016,85+,36008.30652774085,5
2016,85+,36027.23087081103,6
2016,85+,36046.1358954184,7
2016,85+,36065.0203527998,8
2016,85+,36083.882994192056,9
2016,85+,36102.722570831975,10
2016,85+,36121.53783395638,11
2016,85+,36140.327534802105,12
2016,85+,36159.09042460596,13
2016,85+,36177.825254604766,14
2016,85+,36196.53077603535,15
2016,85+,36215.205740134545,16
2016,85+,36233.84889813914,17
2016,85+,36252.45900128599,18
2016,85+,36271.034800811896,19
2016,85+,36289.57504795369,20
2016,85+,36308.07849394819,21
2016,85+,36326.54389003221,22
2016,85+,36344.96998744258,23
2016,85+,36363.35553741612,24
2016,85+,36381.69929118965,25
2016,85+,36400,26
2016,85+,36418.255651638254,27
2016,85+,36436.46118011259,28
2016,85+,36454.61075598546,29
2016,85+,36472.69854981931,30
2016,85+,36490.71873217661,31
2016,85+,36508.66547361979,32
2016,85+,36526.53294471131,33
2016,85+,36544.31531601362,34
2016,85+,36562.00675808917,35
2016,85+,36579.60144150041,36
2016,85+,36597.0935368098,37
2016,85+,36614.477214579776,38
2016,85+,36631.7466453728,39
2016,85+,36648.89599975131,40
2016,85+,36665.91944827777,41
2016,85+,36682.811161514626,42
2016,85+,36699.56531002433,43
2016,85+,36716.17606436933,44
2016,85+,36732.63759511207,45
2016,85+,36748.94407281502,46
2016,85+,36765.089668040615,47
2016,85+,36781.068551351316,48
2016,85+,36796.87489330956,49
2016,85+,36812.502864477814,50
2016,85+,36827.94663541852,51
2016,85+,36843.20037669413,52
2017,0 to 14,367479.6249707268,1
2017,0 to 14,367537.0444638766,2
2017,0 to 14,367593.15823498205,3
2017,0 to 14,367647.921329397,4
2017,0 to 14,367701.28879247536,5
2017,0 to 14,367753.21566957084,6
2017,0 to 14,367803.65700603736,7
2017,0 to 14,367852.5678472287,8
2017,0 to 14,367899.9032384988,9
2017,0 to 14,367945.61822520144,10
2017,0 to 14,367989.6678526904,11
2017,0 to 14,368032.0071663196,12
2017,0 to 14,368072.59121144284,13
2017,0 to 14,368111.375033414,14
2017,0 to 14,368148.31367758685,15
2017,0 to 14,368183.36218931526,16
2017,0 to 14,368216.4756139531,17
2017,0 to 14,368247.60899685416,18
2017,0 to 14,368276.7173833723,19
2017,0 to 14,368303.75581886136,20
2017,0 to 14,368328.6793486752,21
2017,0 to 14,368351.4430181676,22
2017,0 to 14,368372.0018726925,23
2017,0 to 14,368390.31095760356,24
2017,0 to 14,368406.3253182548,25
2017,0 to 14,368420,26
2017,0 to 14,368431.3110299935,27
2017,0 to 14,368440.31836259214,28
2017,0 to 14,368447.1029339531,29
2017,0 to 14,368451.7456802337,30
2017,0 to 14,368454.3275375912,31
2017,0 to 14,368454.929442183,32
2017,0 to 14,368453.63233016623,33
2017,0 to 14,368450.51713769825,34
2017,0 to 14,368445.6648009363,35
2017,0 to 14,368439.1562560377,36
2017,0 to 14,368431.0724391598,37
2017,0 to 14,368421.49428645975,38
2017,0 to 14,368410.502734095,39
2017,0 to 14,368398.17871822265,40
2017,0 to 14,368384.60317500005,41
2017,0 to 14,368369.8570405846,42
2017,0 to 14,368354.0212511334,43
2017,0 to 14,368337.1767428039,44
2017,0 to 14,368319.4044517533,45
2017,0 to 14,368300.7853141389,46
2017,0 to 14,368281.40026611794,47
2017,0 to 14,368261.3302438478,48
2017,0 to 14,368240.6561834857,49
2017,0 to 14,368219.4590211889,50
2017,0 to 14,368197.8196931148,51
2017,0 to 14,368175.81913542055,52
2017,0 to 14,368153.5382842635,53
2017,15 to 44,721579.1703096738,1
2017,15 to 44,721477.1466685345,2
2017,15 to 44,721376.8071073096,3
2017,15 to 44,721278.2256245834,4
2017,15 to 44,721181.4762189408,5
2017,15 to 44,721086.6328889661,6
2017,15 to 44,720993.7696332441,7
2017,15 to 44,720902.9604503593,8
2017,15 to 44,720814.279338896,9
2017,15 to 44,720727.8002974392,10
2017,15 to 44,720643.5973245732,11
2017,15 to 44,720561.7444188828,12
2017,15 to 44,720482.3155789522,13
2017,15 to 44,720405.3848033664,14
2017,15 to 44,720331.0260907097,15
2017,15 to 44,720259.3134395668,16
2017,15 to 44,720190.3208485221,17
2017,15 to 44,720124.1223161604,18
2017,15 to 44,720060.7918410661,19
2017,15 to 44,720000.403421824,20
2017,15 to 44,719943.0310570184,21
2017,15 to 44,719888.748745234,22
2017,15 to 44,719837.6304850554,23
2017,15 to 44,719789.7502750672,24
2017,15 to 44,719745.1821138539,25
2017,15 to 44,719704,26
2017,15 to 44,719666.2530247197,27
2017,15 to 44,719631.8906497448,28
2017,15 to 44,719600.8374294367,29
2017,15 to 44,719573.0179181567,30
2017,15 to 44,719548.3566702661,31
2017,15 to 44,719526.7782401264,32
2017,15 to 44,719508.2071820989,33
2017,15 to 44,719492.56805054494,34
2017,15 to 44,719479.7853998258,35
2017,15 to 44,719469.7837843029,36
2017,15 to 44,719462.4877583375,37
2017,15 to 44,719457.8218762911,38
2017,15 to 44,719455.7106925249,39
2017,15 to 44,719456.0787614003,40
2017,15 to 44,719458.8506372788,41
2017,15 to 44,719463.9508745215,42
2017,15 to 44,719471.30402749,43
2017,15 to 44,719480.8346505454,44
2017,15 to 44,719492.4672980491,45
2017,15 to 44,719506.1265243627,46
2017,15 to 44,719521.7368838473,47
2017,15 to 44,719539.2229308643,48
2017,15 to 44,719558.5092197751,49
2017,15 to 44,719579.5203049411,50
2017,15 to 44,719602.1807407235,51
2017,15 to 44,719626.4150814837,52
2017,15 to 44,719652.1478815831,53
2017,45 to 64,476672.2168267235,1
2017,45 to 64,476779.32575487613,2
2017,45 to 64,476887.4076047144,3
2017,45 to 64,476996.5028907877,4
2017,45 to 64,477106.6521276456,5
2017,45 to 64,477217.8958298375,6
2017,45 to 64,477330.27451191284,7
2017,45 to 64,477443.82868842117,8
2017,45 to 64,477558.5988739119,9
2017,45 to 64,477674.62558293453,10
2017,45 to 64,477791.9493300385,11
2017,45 to 64,477910.61062977335,12
2017,45 to 64,478030.6499966884,13
2017,45 to 64,478152.1079453333,14
2017,45 to 64,478275.0249902574,15
2017,45 to 64,478399.4416460102,16
2017,45 to 64,478525.39842714113,17
2017,45 to 64,478652.93584819976,18
2017,45 to 64,478782.0944237355,19
2017,45 to 64,478912.9146682978,20
2017,45 to 64,479045.43709643616,21
2017,45 to 64,479179.7022227,22
2017,45 to 64,479315.75056163885,23
2017,45 to 64,479453.62262780213,24
2017,45 to 64,479593.3589357394,25
2017,45 to 64,479735,26
2017,45 to 64,479878.56550194963,27
2017,45 to 64,480023.9917902186,28
2017,45 to 64,480171.1943802533,29
2017,45 to 64,480320.0887875003,30
2017,45 to 64,480470.59052740596,31
2017,45 to 64,480622.6151154167,32
2017,45 to 64,480776.07806697907,33
2017,45 to 64,480930.8948975395,34
2017,45 to 64,481086.98112254444,35
2017,45 to 64,481244.2522574403,36
2017,45 to 64,481402.6238176736,37
2017,45 to 64,481562.0113186907,38
2017,45 to 64,481722.3302759382,39
2017,45 to 64,481883.49620486243,40
2017,45 to 64,482045.4246209099,41
2017,45 to 64,482208.03103952704,42
2017,45 to 64,482371.2309761603,43
2017,45 to 64,482534.9399462562,44
2017,45 to 64,482699.07346526114,45
2017,45 to 64,482863.5470486216,46
2017,45 to 64,483028.276211784,47
2017,45 to 64,483193.17647019477,48
2017,45 to 64,483358.16333930043,49
2017,45 to 64,483523.1523345474,50
2017,45 to 64,483688.0589713822,51
2017,45 to 64,483852.79876525124,52
2017,45 to 64,484017.2872316009,53
2017,65 to 74,167220.79328164906,1
2017,65 to 74,167260.0920273877,2
2017,65 to 74,167299.430077404,3
2017,65 to 74,167338.8278433465,4
2017,65 to 74,167378.30573686367,5
2017,65 to 74,167417.88416960408,6
2017,65 to 74,167457.58355321625,7
2017,65 to 74,167497.42429934864,8
2017,65 to 74,167537.4268196498,9
2017,65 to 74,167577.61152576824,10
2017,65 to 74,167617.99882935247,11
2017,65 to 74,167658.609142051,12
2017,65 to 74,167699.46287551234,13
2017,65 to 74,167740.580441385,14
2017,65 to 74,167781.98225131753,15
2017,65 to 74,167823.68871695842,16
2017,65 to 74,167865.72024995618,17
2017,65 to 74,167908.09726195934,18
2017,65 to 74,167950.84016461635,19
2017,65 to 74,167993.96936957582,20
2017,65 to 74,168037.5052884862,21
2017,65 to 74,168081.468332996,22
2017,65 to 74,168125.8789147538,23
2017,65 to 74,168170.75744540806,24
2017,65 to 74,168216.1243366073,25
2017,65 to 74,168262,26
2017,65 to 74,168308.39814396447,27
2017,65 to 74,168355.30566379786,28
2017,65 to 74,168402.7027515271,29
2017,65 to 74,168450.56959917909,30
2017,65 to 74,168498.88639878074,31
2017,65 to 74,168547.63334235898,32
2017,65 to 74,168596.79062194072,33
2017,65 to 74,168646.33842955288,34
2017,65 to 74,168696.25695722236,35
2017,65 to 74,168746.52639697609,36
2017,65 to 74,168797.12694084094,37
2017,65 to 74,168848.0387808439,38
2017,65 to 74,168899.24210901183,39
2017,65 to 74,168950.71711737168,40
2017,65 to 74,169002.44399795035,41
2017,65 to 74,169054.40294277473,42
2017,65 to 74,169106.57414387175,43
2017,65 to 74,169158.93779326836,44
2017,65 to 74,169211.47408299142,45
2017,65 to 74,169264.1632050679,46
2017,65 to 74,169316.98535152467,47
2017,65 to 74,169369.92071438863,48
2017,65 to 74,169422.94948568675,49
2017,65 to 74,169476.05185744594,50
2017,65 to 74,169529.20802169308,51
2017,65 to 74,169582.39817045507,52
2017,65 to 74,169635.60249575888,53
2017,75 to 84,96247.05378357897,1
2017,75 to 84,96292.18709169043,2
2017,75 to 84,96337.86246253607,3
2017,75 to 84,96384.08902424345,4
2017,75 to 84,96430.87590494013,5
2017,75 to 84,96478.23223275365,6
2017,75 to 84,96526.1671358116,7
2017,75 to 84,96574.6897422415,8
2017,75 to 84,96623.80918017092,9
2017,75 to 84,96673.53457772743,10
2017,75 to 84,96723.87506303856,11
2017,75 to 84,96774.83976423189,12
2017,75 to 84,96826.43780943497,13
2017,75 to 84,96878.67832677535,14
2017,75 to 84,96931.57044438057,15
2017,75 to 84,96985.12329037824,16
2017,75 to 84,97039.34599289585,17
2017,75 to 84,97094.247680061,18
2017,75 to 84,97149.83748000124,19
2017,75 to 84,97206.12452084413,20
2017,75 to 84,97263.1179307172,21
2017,75 to 84,97320.82683774803,22
2017,75 to 84,97379.26037006416,23
2017,75 to 84,97438.42765579316,24
2017,75 to 84,97498.3378230626,25
2017,75 to 84,97559,26
2017,75 to 84,97620.41950153386,27
2017,75 to 84,97682.58638979636,28
2017,75 to 84,97745.48691372058,29
2017,75 to 84,97809.10732223961,30
2017,75 to 84,97873.43386428655,31
2017,75 to 84,97938.4527887945,32
2017,75 to 84,98004.15034469655,33
2017,75 to 84,98070.51278092578,34
2017,75 to 84,98137.52634641531,35
2017,75 to 84,98205.17729009822,36
2017,75 to 84,98273.45186090759,37
2017,75 to 84,98342.33630777652,38
2017,75 to 84,98411.81687963814,39
2017,75 to 84,98481.87982542548,40
2017,75 to 84,98552.51139407168,41
2017,75 to 84,98623.69783450983,42
2017,75 to 84,98695.42539567302,43
2017,75 to 84,98767.68032649433,44
2017,75 to 84,98840.44887590686,45
2017,75 to 84,98913.7172928437,46
2017,75 to 84,98987.47182623798,47
2017,75 to 84,99061.69872502274,48
2017,75 to 84,99136.3842381311,49
2017,75 to 84,99211.51461449615,50
2017,75 to 84,99287.07610305099,51
2017,75 to 84,99363.05495272871,52
2017,75 to 84,99439.4374124624,53
2017,85+,36858.25825886709,1
2017,85+,36873.11445249986,2
2017,85+,36887.76312815488,3
2017,85+,36902.19845639462,4
2017,85+,36916.4146077815,5
2017,85+,36930.405752878,6
2017,85+,36944.16606224656,7
2017,85+,36957.68970644963,8
2017,85+,36970.97085604966,9
2017,85+,36984.003681609094,10
2017,85+,36996.7823536904,11
2017,85+,37009.301042856016,12
2017,85+,37021.5539196684,13
2017,85+,37033.53515468999,14
2017,85+,37045.23891848326,15
2017,85+,37056.65938161063,16
2017,85+,37067.790714634575,17
2017,85+,37078.627088117544,18
2017,85+,37089.16267262198,19
2017,85+,37099.39163871032,20
2017,85+,37109.30815694505,21
2017,85+,37118.9063978886,22
2017,85+,37128.18053210341,23
2017,85+,37137.12473015195,24
2017,85+,37145.73316259666,25
2017,85+,37154,26
2017,85+,37161.92315840166,27
2017,85+,37169.51553575032,28
2017,85+,37176.79377547191,29
2017,85+,37183.774520992345,30
2017,85+,37190.47441573757,31
2017,85+,37196.910103133494,32
2017,85+,37203.09822660605,33
2017,85+,37209.05542958117,34
2017,85+,37214.79835548477,35
2017,85+,37220.34364774278,36
2017,85+,37225.70794978113,37
2017,85+,37230.907905025735,38
2017,85+,37235.96015690253,39
2017,85+,37240.88134883744,40
2017,85+,37245.68812425639,41
2017,85+,37250.39712658531,42
2017,85+,37255.02499925012,43
2017,85+,37259.58838567675,44
2017,85+,37264.10392929112,45
2017,85+,37268.58827351916,46
2017,85+,37273.0580617868,47
2017,85+,37277.52993751997,48
2017,85+,37282.02054414458,49
2017,85+,37286.54652508657,50
2017,85+,37291.124523771854,51
2017,85+,37295.77118362637,52
2017,85+,37300.50314807604,53
2018,0 to 14,368131.05807580095,1
2018,0 to 14,368108.4594461901,2
2018,0 to 14,368085.82333158836,3
2018,0 to 14,368063.2306681529,4
2018,0 to 14,368040.7623920411,5
2018,0 to 14,368018.4994394102,6
2018,0 to 14,367996.5227464175,7
2018,0 to 14,367974.91324922023,8
2018,0 to 14,367953.7518839757,9
2018,0 to 14,367933.11958684126,10
2018,0 to 14,367913.09729397413,11
2018,0 to 14,367893.76594153163,12
2018,0 to 14,367875.206465671,13
2018,0 to 14,367857.49980254954,14
2018,0 to 14,367840.7268883246,15
2018,0 to 14,367824.9686591533,16
2018,0 to 14,367810.30605119315,17
2018,0 to 14,367796.8200006013,18
2018,0 to 14,367784.591443535,19
2018,0 to 14,367773.70131615165,20
2018,0 to 14,367764.23055460845,21
2018,0 to 14,367756.26009506267,22
2018,0 to 14,367749.87087367167,23
2018,0 to 14,367745.1438265927,24
2018,0 to 14,367742.1598899831,25
2018,0 to 14,367741,26
2018,0 to 14,367741.7189437736,27
2018,0 to 14,367744.26691232517,28
2018,0 to 14,367748.56794764864,29
2018,0 to 14,367754.54609173816,30
2018,0 to 14,367762.1253865877,31
2018,0 to 14,367771.22987419134,32
2018,0 to 14,367781.783596543,33
2018,0 to 14,367793.7105956369,34
2018,0 to 14,367806.934913467,35
2018,0 to 14,367821.3805920273,36
2018,0 to 14,367836.97167331184,37
2018,0 to 14,367853.6321993147,38
2018,0 to 14,367871.2862120299,39
2018,0 to 14,367889.85775345156,40
2018,0 to 14,367909.27086557355,41
2018,0 to 14,367929.44959039,42
2018,0 to 14,367950.317969895,43
2018,0 to 14,367971.8000460825,44
2018,0 to 14,367993.8198609466,45
2018,0 to 14,368016.3014564813,46
2018,0 to 14,368039.16887468065,47
2018,0 to 14,368062.34615753865,48
2018,0 to 14,368085.7573470494,49
2018,0 to 14,368109.32648520696,50
2018,0 to 14,368132.97761400527,51
2018,0 to 14,368156.63477543846,52
2018,15 to 44,719679.303695383,1
2018,15 to 44,719707.8070772447,2
2018,15 to 44,719737.5825815297,3
2018,15 to 44,719768.5547625994,4
2018,15 to 44,719800.6481748149,5
2018,15 to 44,719833.7873725377,6
2018,15 to 44,719867.8969101291,7
2018,15 to 44,719902.9013419504,8
2018,15 to 44,719938.7252223631,9
2018,15 to 44,719975.2931057286,10
2018,15 to 44,720012.529546408,11
2018,15 to 44,720050.3590987627,12
2018,15 to 44,720088.7063171542,13
2018,15 to 44,720127.4957559438,14
2018,15 to 44,720166.6519694928,15
2018,15 to 44,720206.0995121625,16
2018,15 to 44,720245.7629383145,17
2018,15 to 44,720285.5668023098,18
2018,15 to 44,720325.4356585101,19
2018,15 to 44,720365.2940612765,20
2018,15 to 44,720405.0665649703,21
2018,15 to 44,720444.6777239532,22
2018,15 to 44,720484.0520925861,23
2018,15 to 44,720523.1142252306,24
2018,15 to 44,720561.7886762482,25
2018,15 to 44,720600,26
2018,15 to 44,720637.6787857398,27
2018,15 to 44,720674.7797622915,28
2018,15 to 44,720711.2636933707,29
2018,15 to 44,720747.091342694,30
2018,15 to 44,720782.2234739771,31
2018,15 to 44,720816.6208509362,32
2018,15 to 44,720850.2442372873,33
2018,15 to 44,720883.0543967467,34
2018,15 to 44,720915.0120930301,35
2018,15 to 44,720946.078089854,36
2018,15 to 44,720976.2131509341,37
2018,15 to 44,721005.3780399867,38
2018,15 to 44,721033.5335207278,39
2018,15 to 44,721060.6403568734,40
2018,15 to 44,721086.6593121397,41
2018,15 to 44,721111.5511502428,42
2018,15 to 44,721135.2766348986,43
2018,15 to 44,721157.7965298232,44
2018,15 to 44,721179.0715987328,45
2018,15 to 44,721199.0626053435,46
2018,15 to 44,721217.7303133713,47
2018,15 to 44,721235.0354865321,48
2018,15 to 44,721250.9388885422,49
2018,15 to 44,721265.4012831177,50
2018,15 to 44,721278.3834339745,51
2018,15 to 44,721289.8461048288,52
2018,45 to 64,484181.4398858778,1
2018,45 to 64,484345.1722435282,2
2018,45 to 64,484508.39981999865,3
2018,45 to 64,484671.0381307357,4
2018,45 to 64,484833.0026911856,5
2018,45 to 64,484994.209016795,6
2018,45 to 64,485154.5726230102,7
2018,45 to 64,485314.0090252778,8
2018,45 to 64,485472.4337390441,9
2018,45 to 64,485629.76227975567,10
2018,45 to 64,485785.91016285896,11
2018,45 to 64,485940.7929038004,12
2018,45 to 64,486094.3260180264,13
2018,45 to 64,486246.42502098344,14
2018,45 to 64,486397.00542811805,15
2018,45 to 64,486545.98275487655,16
2018,45 to 64,486693.2725167055,17
2018,45 to 64,486838.7902290514,18
2018,45 to 64,486982.4514073605,19
2018,45 to 64,487124.17156707944,20
2018,45 to 64,487263.8662236546,21
2018,45 to 64,487401.4508925325,22
2018,45 to 64,487536.8410891595,23
2018,45 to 64,487669.9523289821,24
2018,45 to 64,487800.7001274468,25
2018,45 to 64,487929,26
2018,45 to 64,488054.7887283276,27
2018,45 to 64,488178.0881590735,28
2018,45 to 64,488298.9414051209,29
2018,45 to 64,488417.3915793531,30
2018,45 to 64,488533.4817946533,31
2018,45 to 64,488647.25516390486,32
2018,45 to 64,488758.7547999911,33
2018,45 to 64,488868.0238157952,34
2018,45 to 64,488975.1053242004,35
2018,45 to 64,489080.04243809014,36
2018,45 to 64,489182.87827034754,37
2018,45 to 64,489283.6559338559,38
2018,45 to 64,489382.4185414986,39
2018,45 to 64,489479.2092061588,40
2018,45 to 64,489574.07104071986,41
2018,45 to 64,489667.04715806496,42
2018,45 to 64,489758.18067107745,43
2018,45 to 64,489847.5146926406,44
2018,45 to 64,489935.0923356376,45
2018,45 to 64,490020.9567129518,46
2018,45 to 64,490105.1509374665,47
2018,45 to 64,490187.7181220649,48
2018,45 to 64,490268.70137963037,49
2018,45 to 64,490348.14382304606,50
2018,45 to 64,490426.0885651954,51
2018,45 to 64,490502.5787189615,52
2018,65 to 74,169688.8011896314,1
2018,65 to 74,169741.97444409953,2
2018,65 to 74,169795.1024511902,3
2018,65 to 74,169848.16540293035,4
2018,65 to 74,169901.14349134683,5
2018,65 to 74,169954.0169084666,6
2018,65 to 74,170006.7658463166,7
2018,65 to 74,170059.37049692366,8
2018,65 to 74,170111.81105231476,9
2018,65 to 74,170164.0677045168,10
2018,65 to 74,170216.12064555672,11
2018,65 to 74,170267.9500674614,12
2018,65 to 74,170319.53616225775,13
2018,65 to 74,170370.85912197272,14
2018,65 to 74,170421.8991386332,15
2018,65 to 74,170472.6364042661,16
2018,65 to 74,170523.05111089835,17
2018,65 to 74,170573.12345055686,18
2018,65 to 74,170622.83361526852,19
2018,65 to 74,170672.1617970603,20
2018,65 to 74,170721.08818795907,21
2018,65 to 74,170769.59297999178,22
2018,65 to 74,170817.65636518528,23
2018,65 to 74,170865.25853556657,24
2018,65 to 74,170912.3796831625,25
2018,65 to 74,170959,26
2018,65 to 74,171005.10435213076,27
2018,65 to 74,171050.69630170552,28
2018,65 to 74,171095.78408489976,29
2018,65 to 74,171140.37593788898,30
2018,65 to 74,171184.48009684865,31
2018,65 to 74,171228.10479795432,32
2018,65 to 74,171271.25827738148,33
2018,65 to 74,171313.9487713056,34
2018,65 to 74,171356.18451590213,35
2018,65 to 74,171397.97374734667,36
2018,65 to 74,171439.32470181465,37
2018,65 to 74,171480.2456154816,38
2018,65 to 74,171520.74472452299,39
2018,65 to 74,171560.83026511432,40
2018,65 to 74,171600.5104734311,41
2018,65 to 74,171639.79358564882,42
2018,65 to 74,171678.68783794294,43
2018,65 to 74,171717.20146648903,44
2018,65 to 74,171755.34270746255,45
2018,65 to 74,171793.11979703896,46
2018,65 to 74,171830.54097139384,47
2018,65 to 74,171867.6144667026,48
2018,65 to 74,171904.3485191408,49
2018,65 to 74,171940.75136488388,50
2018,65 to 74,171976.8312401074,51
2018,65 to 74,172012.5963809868,52
2018,75 to 84,99516.20973118515,1
2018,75 to 84,99593.35815783008,2
2018,75 to 84,99670.86894133025,3
2018,75 to 84,99748.72833061877,4
2018,75 to 84,99826.92257462874,5
2018,75 to 84,99905.43792229323,6
2018,75 to 84,99984.26062254536,7
2018,75 to 84,100063.3769243182,8
2018,75 to 84,100142.77307654488,9
2018,75 to 84,100222.43532815845,10
2018,75 to 84,100302.34992809204,11
2018,75 to 84,100382.50312527872,12
2018,75 to 84,100462.88116865158,13
2018,75 to 84,100543.47030714374,14
2018,75 to 84,100624.25678968827,15
2018,75 to 84,100705.22686521828,16
2018,75 to 84,100786.36678266685,17
2018,75 to 84,100867.6627909671,18
2018,75 to 84,100949.10113905209,19
2018,75 to 84,101030.66807585492,20
2018,75 to 84,101112.3498503087,21
2018,75 to 84,101194.13271134651,22
2018,75 to 84,101276.00290790145,23
2018,75 to 84,101357.94668890662,24
2018,75 to 84,101439.9503032951,25
2018,75 to 84,101522,26
2018,75 to 84,101604.08239774703,27
2018,75 to 84,101686.18559443248,28
2018,75 to 84,101768.29805774524,29
2018,75 to 84,101850.40825537422,30
2018,75 to 84,101932.50465500832,31
2018,75 to 84,102014.57572433646,32
2018,75 to 84,102096.60993104755,33
2018,75 to 84,102178.59574283048,34
2018,75 to 84,102260.52162737417,35
2018,75 to 84,102342.37605236752,36
2018,75 to 84,102424.14748549942,37
2018,75 to 84,102505.82439445879,38
2018,75 to 84,102587.39524693454,39
2018,75 to 84,102668.84851061557,40
2018,75 to 84,102750.17265319079,41
2018,75 to 84,102831.3561423491,42
2018,75 to 84,102912.38744577942,43
2018,75 to 84,102993.25503117064,44
2018,75 to 84,103073.94736621168,45
2018,75 to 84,103154.45291859143,46
2018,75 to 84,103234.7601559988,47
2018,75 to 84,103314.8575461227,48
2018,75 to 84,103394.73355665205,49
2018,75 to 84,103474.37665527573,50
2018,75 to 84,103553.77530968266,51
2018,75 to 84,103632.91798756174,52
2018,85+,37305.337060546786,1
2018,85+,37310.28956446454,2
2018,85+,37315.37730325523,3
2018,85+,37320.616920344764,4
2018,85+,37326.02505915909,5
2018,85+,37331.61836312413,6
2018,85+,37337.413475665795,7
2018,85+,37343.42704021003,8
2018,85+,37349.67570018275,9
2018,85+,37356.176099009885,10
2018,85+,37362.94488011736,11
2018,85+,37369.9986869311,12
2018,85+,37377.35416287703,13
2018,85+,37385.02795138108,14
2018,85+,37393.03669586918,15
2018,85+,37401.397039767246,16
2018,85+,37410.125626501205,17
2018,85+,37419.23909949699,18
2018,85+,37428.75410218052,19
2018,85+,37438.687277977726,20
2018,85+,37449.05527031454,21
2018,85+,37459.87472261687,22
2018,85+,37471.16227831066,23
2018,85+,37482.93458082183,24
2018,85+,37495.208273576296,25
2018,85+,37508,26
2018,85+,37521.320885741014,27
2018,85+,37535.15998533606,28
2018,85+,37549.500835544,29
2018,85+,37564.32697312371,30
2018,85+,37579.62193483405,31
2018,85+,37595.36925743391,32
2018,85+,37611.55247768214,33
2018,85+,37628.15513233762,34
2018,85+,37645.16075815921,35
2018,85+,37662.55289190579,36
2018,85+,37680.31507033623,37
2018,85+,37698.4308302094,38
2018,85+,37716.88370828416,39
2018,85+,37735.657241319386,40
2018,85+,37754.73496607396,41
2018,85+,37774.100419306735,42
2018,85+,37793.73713777658,43
2018,85+,37813.628658242385,44
2018,85+,37833.758517463,45
2018,85+,37854.1102521973,46
2018,85+,37874.66739920416,47
2018,85+,37895.41349524245,48
2018,85+,37916.332077071034,49
2018,85+,37937.40668144879,50
2018,85+,37958.62084513458,51
2018,85+,37979.95810488728,52
2019,0 to 14,368180.2220115005,1
2019,0 to 14,368203.6633641855,2
2019,0 to 14,368226.8828754874,3
2019,0 to 14,368249.80458740034,4
2019,0 to 14,368272.3525419183,5
2019,0 to 14,368294.4507810353,6
2019,0 to 14,368316.02334674547,7
2019,0 to 14,368336.9942810427,8
2019,0 to 14,368357.2876259212,9
2019,0 to 14,368376.8274233749,10
2019,0 to 14,368395.5377153979,11
2019,0 to 14,368413.3425439841,12
2019,0 to 14,368430.16595112777,13
2019,0 to 14,368445.93197882274,14
2019,0 to 14,368460.56466906314,15
2019,0 to 14,368473.988063843,16
2019,0 to 14,368486.1262051563,17
2019,0 to 14,368496.90313499724,18
2019,0 to 14,368506.24289535964,19
2019,0 to 14,368514.06952823774,20
2019,0 to 14,368520.3070756254,21
2019,0 to 14,368524.8795795168,22
2019,0 to 14,368527.71108190593,23
2019,0 to 14,368528.7256247868,24
2019,0 to 14,368527.8472501535,25
2019,0 to 14,368525,26
2019,0 to 14,368520.1278599214,27
2019,0 to 14,368513.254589917,28
2019,0 to 14,368504.42389358697,29
2019,0 to 14,368493.6794745316,30
2019,0 to 14,368481.06503635115,31
2019,0 to 14,368466.6242826459,32
2019,0 to 14,368450.400917016,33
2019,0 to 14,368432.43864306196,34
2019,0 to 14,368412.7811643838,35
2019,0 to 14,368391.47218458186,36
2019,0 to 14,368368.55540725647,37
2019,0 to 14,368344.07453600777,38
2019,0 to 14,368318.0732744361,39
2019,0 to 14,368290.59532614175,40
2019,0 to 14,368261.6843947249,41
2019,0 to 14,368231.3841837859,42
2019,0 to 14,368199.73839692486,43
2019,0 to 14,368166.7907377422,44
2019,0 to 14,368132.58490983816,45
2019,0 to 14,368097.1646168129,46
2019,0 to 14,368060.57356226677,47
2019,0 to 14,368022.85544980003,48
2019,0 to 14,367984.05398301285,49
2019,0 to 14,367944.21286550566,50
2019,0 to 14,367903.37580087857,51
2019,0 to 14,367861.5864927319,52
2019,15 to 44,721299.7500593966,1
2019,15 to 44,721308.0560613939,2
2019,15 to 44,721314.724874537,3
2019,15 to 44,721319.7172625418,4
2019,15 to 44,721322.9939891244,5
2019,15 to 44,721324.5158180009,6
2019,15 to 44,721324.2435128874,7
2019,15 to 44,721322.1378374998,8
2019,15 to 44,721318.1595555545,9
2019,15 to 44,721312.2694307673,10
2019,15 to 44,721304.4282268543,11
2019,15 to 44,721294.5967075316,12
2019,15 to 44,721282.7356365154,13
2019,15 to 44,721268.8057775217,14
2019,15 to 44,721252.7678942664,15
2019,15 to 44,721234.5827504658,16
2019,15 to 44,721214.2111098359,17
2019,15 to 44,721191.6137360928,18
2019,15 to 44,721166.7513929525,19
2019,15 to 44,721139.5848441311,20
2019,15 to 44,721110.0748533447,21
2019,15 to 44,721078.1821843093,22
2019,15 to 44,721043.8676007411,23
2019,15 to 44,721007.0918663561,24
2019,15 to 44,720967.8157448703,25
2019,15 to 44,720926,26
2019,15 to 44,720881.6240731789,27
2019,15 to 44,720834.7421167119,28
2019,15 to 44,720785.4269606222,29
2019,15 to 44,720733.7514349323,30
2019,15 to 44,720679.7883696653,31
2019,15 to 44,720623.610594844,32
2019,15 to 44,720565.2909404911,33
2019,15 to 44,720504.9022366296,34
2019,15 to 44,720442.5173132824,35
2019,15 to 44,720378.2090004722,36
2019,15 to 44,720312.0501282219,37
2019,15 to 44,720244.1135265543,38
2019,15 to 44,720174.4720254923,39
2019,15 to 44,720103.1984550587,40
2019,15 to 44,720030.3656452765,41
2019,15 to 44,719956.0464261684,42
2019,15 to 44,719880.3136277574,43
2019,15 to 44,719803.240080066,44
2019,15 to 44,719724.8986131175,45
2019,15 to 44,719645.3620569344,46
2019,15 to 44,719564.7032415398,47
2019,15 to 44,719482.9949969563,48
2019,15 to 44,719400.3101532069,49
2019,15 to 44,719316.7215403145,50
2019,15 to 44,719232.3019883018,51
2019,15 to 44,719147.1243271917,52
2019,45 to 64,490577.65739722777,1
2019,45 to 64,490651.3677128774,2
2019,45 to 64,490723.7527787937,3
2019,45 to 64,490794.8557078599,4
2019,45 to 64,490864.71961295936,5
2019,45 to 64,490933.38760697533,6
2019,45 to 64,491000.90280279104,7
2019,45 to 64,491067.3083132898,8
2019,45 to 64,491132.6472513548,9
2019,45 to 64,491196.96272986947,10
2019,45 to 64,491260.297861717,11
2019,45 to 64,491322.6957597806,12
2019,45 to 64,491384.1995369437,13
2019,45 to 64,491444.8523060894,14
2019,45 to 64,491504.6971801011,15
2019,45 to 64,491563.7772718621,16
2019,45 to 64,491622.1356942555,17
2019,45 to 64,491679.81556016474,18
2019,45 to 64,491736.8599824731,19
2019,45 to 64,491793.3120740637,20
2019,45 to 64,491849.21494781994,21
2019,45 to 64,491904.6117166251,22
2019,45 to 64,491959.54549336236,23
2019,45 to 64,492014.0593909151,24
2019,45 to 64,492068.19652216655,25
2019,45 to 64,492122,26
2019,45 to 64,492175.5045495939,27
2019,45 to 64,492228.71134530765,28
2019,45 to 64,492281.61317379586,29
2019,45 to 64,492334.202821713,30
2019,45 to 64,492386.4730757138,31
2019,45 to 64,492438.4167224527,32
2019,45 to 64,492490.02654858434,33
2019,45 to 64,492541.2953407633,34
2019,45 to 64,492592.21588564414,35
2019,45 to 64,492642.7809698815,36
2019,45 to 64,492692.9833801299,37
2019,45 to 64,492742.8159030439,38
2019,45 to 64,492792.27132527815,39
2019,45 to 64,492841.3424334872,40
2019,45 to 64,492890.0220143256,41
2019,45 to 64,492938.302854448,42
2019,45 to 64,492986.1777405089,43
2019,45 to 64,493033.63945916295,44
2019,45 to 64,493080.6807970646,45
2019,45 to 64,493127.2945408686,46
2019,45 to 64,493173.4734772295,47
2019,45 to 64,493219.21039280173,48
2019,45 to 64,493264.49807424,49
2019,45 to 64,493309.3293081989,50
2019,45 to 64,493353.6968813329,51
2019,45 to 64,493397.5935802967,52
2019,65 to 74,172048.0550236976,1
2019,65 to 74,172083.2154044153,2
2019,65 to 74,172118.0857593154,3
2019,65 to 74,172152.6743245734,4
2019,65 to 74,172186.98933636476,5
2019,65 to 74,172221.039030865,6
2019,65 to 74,172254.83164424964,7
2019,65 to 74,172288.37541269415,8
2019,65 to 74,172321.67857237405,9
2019,65 to 74,172354.7493594648,10
2019,65 to 74,172387.59601014192,11
2019,65 to 74,172420.22676058087,12
2019,65 to 74,172452.6498469572,13
2019,65 to 74,172484.8735054464,14
2019,65 to 74,172516.90597222393,15
2019,65 to 74,172548.75548346533,16
2019,65 to 74,172580.43027534607,17
2019,65 to 74,172611.9385840416,18
2019,65 to 74,172643.28864572753,19
2019,65 to 74,172674.48869657927,20
2019,65 to 74,172705.54697277234,21
2019,65 to 74,172736.47171048223,22
2019,65 to 74,172767.27114588444,23
2019,65 to 74,172797.95351515448,24
2019,65 to 74,172828.52705446785,25
2019,65 to 74,172859,26
2019,65 to 74,172889.38114788727,27
2019,65 to 74,172919.68153410903,28
2019,65 to 74,172949.91275460547,29
2019,65 to 74,172980.08640531683,30
2019,65 to 74,173010.21408218326,31
2019,65 to 74,173040.307381145,32
2019,65 to 74,173070.3778981422,33
2019,65 to 74,173100.43722911508,34
2019,65 to 74,173130.49697000382,35
2019,65 to 74,173160.56871674862,36
2019,65 to 74,173190.6640652897,37
2019,65 to 74,173220.79461156722,38
2019,65 to 74,173250.97195152138,39
2019,65 to 74,173281.2076810924,40
2019,65 to 74,173311.51339622046,41
2019,65 to 74,173341.90069284575,42
2019,65 to 74,173372.38116690848,43
2019,65 to 74,173402.96641434883,44
2019,65 to 74,173433.668031107,45
2019,65 to 74,173464.49761312318,46
2019,65 to 74,173495.46675633756,47
2019,65 to 74,173526.58705669036,48
2019,65 to 74,173557.87011012176,49
2019,65 to 74,173589.32751257194,50
2019,65 to 74,173620.9708599811,51
2019,65 to 74,173652.81174828947,52
2019,75 to 84,103711.79315660188,1
2019,75 to 84,103790.389284492,2
2019,75 to 84,103868.69483892099,3
2019,75 to 84,103946.69828757775,4
2019,75 to 84,104024.38809815119,5
2019,75 to 84,104101.75273833022,6
2019,75 to 84,104178.78067580375,7
2019,75 to 84,104255.46037826069,8
2019,75 to 84,104331.78031338991,9
2019,75 to 84,104407.72894888038,10
2019,75 to 84,104483.29475242094,11
2019,75 to 84,104558.46619170054,12
2019,75 to 84,104633.23173440808,13
2019,75 to 84,104707.57984823245,14
2019,75 to 84,104781.49900086256,15
2019,75 to 84,104854.97765998731,16
2019,75 to 84,104928.00429329564,17
2019,75 to 84,105000.56736847642,18
2019,75 to 84,105072.65535321856,19
2019,75 to 84,105144.25671521098,20
2019,75 to 84,105215.35992214258,21
2019,75 to 84,105285.95344170228,22
2019,75 to 84,105356.02574157895,23
2019,75 to 84,105425.56528946153,24
2019,75 to 84,105494.56055303891,25
2019,75 to 84,105563,26
2019,75 to 84,105630.87565481212,27
2019,75 to 84,105698.19376905626,28
2019,75 to 84,105764.96415109184,29
2019,75 to 84,105831.19660927825,30
2019,75 to 84,105896.90095197492,31
2019,75 to 84,105962.08698754123,32
2019,75 to 84,106026.76452433661,33
2019,75 to 84,106090.94337072046,34
2019,75 to 84,106154.63333505217,35
2019,75 to 84,106217.84422569118,36
2019,75 to 84,106280.58585099687,37
2019,75 to 84,106342.86801932866,38
2019,75 to 84,106404.70053904597,39
2019,75 to 84,106466.09321850818,40
2019,75 to 84,106527.0558660747,41
2019,75 to 84,106587.59829010497,42
2019,75 to 84,106647.73029895837,43
2019,75 to 84,106707.46170099432,44
2019,75 to 84,106766.80230457221,45
2019,75 to 84,106825.76191805147,46
2019,75 to 84,106884.3503497915,47
2019,75 to 84,106942.57740815169,48
2019,75 to 84,107000.45290149146,49
2019,75 to 84,107057.98663817023,50
2019,75 to 84,107115.1884265474,51
2019,75 to 84,107172.06807498237,52
2019,85+,38001.40199746575,1
2019,85+,38022.936059628875,2
2019,85+,38044.54382813551,3
2019,85+,38066.20883974454,4
2019,85+,38087.91463121482,5
2019,85+,38109.64473930523,6
2019,85+,38131.382700774644,7
2019,85+,38153.11205238192,8
2019,85+,38174.81633088593,9
2019,85+,38196.47907304555,10
2019,85+,38218.08381561965,11
2019,85+,38239.61409536709,12
2019,85+,38261.053449046754,13
2019,85+,38282.385413417505,14
2019,85+,38303.59352523821,15
2019,85+,38324.66132126775,16
2019,85+,38345.57233826498,17
2019,85+,38366.31011298878,18
2019,85+,38386.85818219801,19
2019,85+,38407.20008265156,20
2019,85+,38427.31935110828,21
2019,85+,38447.19952432705,22
2019,85+,38466.82413906674,23
2019,85+,38486.17673208621,24
2019,85+,38505.24084014434,25
2019,85+,38524,26
2019,85+,38542.441930937544,27
2019,85+,38560.57108234327,28
2019,85+,38578.39608612896,29
2019,85+,38595.9255742064,30
2019,85+,38613.16817848737,31
2019,85+,38630.132530883675,32
2019,85+,38646.827263307074,33
2019,85+,38663.26100766937,34
2019,85+,38679.44239588233,35
2019,85+,38695.38005985776,36
2019,85+,38711.08263150742,37
2019,85+,38726.55874274312,38
2019,85+,38741.81702547662,39
2019,85+,38756.866111619725,40
2019,85+,38771.71463308421,41
2019,85+,38786.37122178186,42
2019,85+,38800.84450962446,43
2019,85+,38815.14312852379,44
2019,85+,38829.275710391645,45
2019,85+,38843.2508871398,46
2019,85+,38857.07729068005,47
2019,85+,38870.76355292417,48
2019,85+,38884.31830578394,49
2019,85+,38897.75018117116,50
2019,85+,38911.06781099761,51
2019,85+,38924.279827175065,52
2020,0 to 14,367818.8886446659,1
2020,0 to 14,367775.3259602808,2
2020,0 to 14,367730.9421431769,3
2020,0 to 14,367685.78089695453,4
2020,0 to 14,367639.88592521386,5
2020,0 to 14,367593.30093155516,6
2020,0 to 14,367546.06961957866,7
2020,0 to 14,367498.2356928847,8
2020,0 to 14,367449.8428550735,9
2020,0 to 14,367400.93480974535,10
2020,0 to 14,367351.5552605005,11
2020,0 to 14,367301.74791093916,12
2020,0 to 14,367251.55646466167,13
2020,0 to 14,367201.02462526824,14
2020,0 to 14,367150.19609635917,15
2020,0 to 14,367099.11458153464,16
2020,0 to 14,367047.823784395,17
2020,0 to 14,366996.3674085405,18
2020,0 to 14,366944.78915757133,19
2020,0 to 14,366893.1327350878,20
2020,0 to 14,366841.44184469024,21
2020,0 to 14,366789.7601899788,22
2020,0 to 14,366738.13147455384,23
2020,0 to 14,366686.5994020155,24
2020,0 to 14,366635.20767596416,25
2020,0 to 14,366584,26
2020,0 to 14,366533.0160890031,27
2020,0 to 14,366482.27970297274,28
2020,0 to 14,366431.81061318784,29
2020,0 to 14,366381.62859092746,30
2020,0 to 14,366331.75340747065,31
2020,0 to 14,366282.20483409637,32
2020,0 to 14,366233.0026420837,33
2020,0 to 14,366184.1666027116,34
2020,0 to 14,366135.7164872591,35
2020,0 to 14,366087.67206700525,36
2020,0 to 14,366040.053113229,37
2020,0 to 14,365992.87939720944,38
2020,0 to 14,365946.17069022555,39
2020,0 to 14,365899.94676355633,40
2020,0 to 14,365854.22738848085,41
2020,0 to 14,365809.0323362781,42
2020,0 to 14,365764.3813782271,43
2020,0 to 14,365720.2942856068,44
2020,0 to 14,365676.79082969634,45
2020,0 to 14,365633.89078177465,46
2020,0 to 14,365591.61391312076,47
2020,0 to 14,365549.9799950137,48
2020,0 to 14,365509.0087987325,49
2020,0 to 14,365468.7200955561,50
2020,0 to 14,365429.13365676365,51
2020,0 to 14,365390.2692536341,52
2020,15 to 44,719061.2613870072,1
2020,15 to 44,718974.785997771,2
2020,15 to 44,718887.7709895058,3
2020,15 to 44,718800.2891922347,4
2020,15 to 44,718712.4134359806,5
2020,15 to 44,718624.216550766,6
2020,15 to 44,718535.771366614,7
2020,15 to 44,718447.1507135475,8
2020,15 to 44,718358.4274215891,9
2020,15 to 44,718269.6743207619,10
2020,15 to 44,718180.9642410887,11
2020,15 to 44,718092.3700125922,12
2020,15 to 44,718003.9644652954,13
2020,15 to 44,717915.820429221,14
2020,15 to 44,717828.0107343921,15
2020,15 to 44,717740.6082108312,16
2020,15 to 44,717653.6856885614,17
2020,15 to 44,717567.3159976056,18
2020,15 to 44,717481.5719679864,19
2020,15 to 44,717396.5264297269,20
2020,15 to 44,717312.2522128497,21
2020,15 to 44,717228.8221473778,22
2020,15 to 44,717146.309063334,23
2020,15 to 44,717064.7857907412,24
2020,15 to 44,716984.3251596224,25
2020,15 to 44,716905,26
2020,15 to 44,716826.8794063537,27
2020,15 to 44,716750.0175309883,28
2020,15 to 44,716674.4647906654,29
2020,15 to 44,716600.2716021467,30
2020,15 to 44,716527.4883821933,31
2020,15 to 44,716456.165547567,32
2020,15 to 44,716386.353515029,33
2020,15 to 44,716318.102701341,34
2020,15 to 44,716251.4635232646,35
2020,15 to 44,716186.486397561,36
2020,15 to 44,716123.2217409919,37
2020,15 to 44,716061.7199703188,38
2020,15 to 44,716002.0315023031,39
2020,15 to 44,715944.2067537063,40
2020,15 to 44,715888.2961412899,41
2020,15 to 44,715834.3500818154,42
2020,15 to 44,715782.4189920444,43
2020,15 to 44,715732.5532887381,44
2020,15 to 44,715684.8033886584,45
2020,15 to 44,715639.2197085664,46
2020,15 to 44,715595.852665224,47
2020,15 to 44,715554.7526753923,48
2020,15 to 44,715515.9701558329,49
2020,15 to 44,715479.5555233075,50
2020,15 to 44,715445.5591945774,51
2020,15 to 44,715414.0315864041,52
2020,45 to 64,493441.0121917448,1
2020,45 to 64,493483.94550233183,2
2020,45 to 64,493526.3862987124,3
2020,45 to 64,493568.327367541,4
2020,45 to 64,493609.76149547216,5
2020,45 to 64,493650.68146916066,6
2020,45 to 64,493691.0800752609,7
2020,45 to 64,493730.95010042755,8
2020,45 to 64,493770.2843313152,9
2020,45 to 64,493809.07555457833,10
2020,45 to 64,493847.31655687164,11
2020,45 to 64,493885.0001248496,12
2020,45 to 64,493922.1190451669,13
2020,45 to 64,493958.66610447806,14
2020,45 to 64,493994.6340894376,15
2020,45 to 64,494030.01578670024,16
2020,45 to 64,494064.8039829204,17
2020,45 to 64,494098.9914647528,18
2020,45 to 64,494132.57101885194,19
2020,45 to 64,494165.5354318725,20
2020,45 to 64,494197.87749046885,21
2020,45 to 64,494229.58998129575,22
2020,45 to 64,494260.66569100774,23
2020,45 to 64,494291.0974062594,24
2020,45 to 64,494320.8779137053,25
2020,45 to 64,494350,26
2020,45 to 64,494378.45812933904,27
2020,45 to 64,494406.2534760818,28
2020,45 to 64,494433.38889212866,29
2020,45 to 64,494459.86722937983,30
2020,45 to 64,494485.69133973564,31
2020,45 to 64,494510.86407509644,32
2020,45 to 64,494535.3882873626,33
2020,45 to 64,494559.26682843437,34
2020,45 to 64,494582.5025502121,35
2020,45 to 64,494605.09830459603,36
2020,45 to 64,494627.0569434866,37
2020,45 to 64,494648.381318784,38
2020,45 to 64,494669.0742823887,39
2020,45 to 64,494689.13868620095,40
2020,45 to 64,494708.577382121,41
2020,45 to 64,494727.3932220493,42
2020,45 to 64,494745.58905788604,43
2020,45 to 64,494763.1677415316,44
2020,45 to 64,494780.13212488627,45
2020,45 to 64,494796.48505985044,46
2020,45 to 64,494812.2293983244,47
2020,45 to 64,494827.36799220834,48
2020,45 to 64,494841.90369340277,49
2020,45 to 64,494855.8393538079,50
2020,45 to 64,494869.1778253241,51
2020,45 to 64,494881.92195985164,52
2020,65 to 74,173684.86177343724,1
2020,65 to 74,173717.13253136456,2
2020,65 to 74,173749.63561801164,3
2020,65 to 74,173782.3826293187,4
2020,65 to 74,173815.38516122592,5
2020,65 to 74,173848.6548096735,6
2020,65 to 74,173882.2031706016,7
2020,65 to 74,173916.04183995049,8
2020,65 to 74,173950.18241366028,9
2020,65 to 74,173984.63648767123,10
2020,65 to 74,174019.4156579235,11
2020,65 to 74,174054.53152035733,12
2020,65 to 74,174089.99567091285,13
2020,65 to 74,174125.81970553027,14
2020,65 to 74,174162.01522014983,15
2020,65 to 74,174198.5938107117,16
2020,65 to 74,174235.56707315604,17
2020,65 to 74,174272.9466034231,18
2020,65 to 74,174310.74399745304,19
2020,65 to 74,174348.97085118608,20
2020,65 to 74,174387.63876056237,21
2020,65 to 74,174426.75932152217,22
2020,65 to 74,174466.34413000563,23
2020,65 to 74,174506.40478195297,24
2020,65 to 74,174546.95287330434,25
2020,65 to 74,174588,26
2020,65 to 74,174629.55764598795,27
2020,65 to 74,174671.6368472476,28
2020,65 to 74,174714.2485277662,29
2020,65 to 74,174757.40361153104,30
2020,65 to 74,174801.11302252935,31
2020,65 to 74,174845.38768474836,32
2020,65 to 74,174890.23852217538,33
2020,65 to 74,174935.67645879765,34
2020,65 to 74,174981.7124186024,35
2020,65 to 74,175028.3573255769,36
2020,65 to 74,175075.6221037084,37
2020,65 to 74,175123.51767698416,38
2020,65 to 74,175172.05496939144,39
2020,65 to 74,175221.2449049175,40
2020,65 to 74,175271.09840754958,41
2020,65 to 74,175321.62640127493,42
2020,65 to 74,175372.83981008083,43
2020,65 to 74,175424.74955795452,44
2020,65 to 74,175477.36656888327,45
2020,65 to 74,175530.70176685433,46
2020,65 to 74,175584.76607585492,47
2020,65 to 74,175639.57041987233,48
2020,65 to 74,175695.12572289383,49
2020,65 to 74,175751.44290890664,50
2020,65 to 74,175808.53290189803,51
2020,65 to 74,175866.40662585525,52
2020,75 to 84,107228.63539183454,1
2020,75 to 84,107284.90018546334,2
2020,75 to 84,107340.87226422816,3
2020,75 to 84,107396.56143648842,4
2020,75 to 84,107451.97751060352,5
2020,75 to 84,107507.13029493288,6
2020,75 to 84,107562.02959783589,7
2020,75 to 84,107616.68522767197,8
2020,75 to 84,107671.10699280052,9
2020,75 to 84,107725.30470158094,10
2020,75 to 84,107779.28816237266,11
2020,75 to 84,107833.06718353507,12
2020,75 to 84,107886.65157342757,13
2020,75 to 84,107940.0511404096,14
2020,75 to 84,107993.27569284054,15
2020,75 to 84,108046.3350390798,16
2020,75 to 84,108099.2389874868,17
2020,75 to 84,108151.99734642095,18
2020,75 to 84,108204.61992424162,19
2020,75 to 84,108257.11652930826,20
2020,75 to 84,108309.49696998028,21
2020,75 to 84,108361.77105461704,22
2020,75 to 84,108413.948591578,23
2020,75 to 84,108466.03938922254,24
2020,75 to 84,108518.05325591007,25
2020,75 to 84,108570,26
2020,75 to 84,108621.88871849606,27
2020,75 to 84,108673.72566297922,28
2020,75 to 84,108725.51637367482,29
2020,75 to 84,108777.26639080814,30
2020,75 to 84,108828.98125460451,31
2020,75 to 84,108880.66650528922,32
2020,75 to 84,108932.32768308757,33
2020,75 to 84,108983.9703282249,34
2020,75 to 84,109035.59998092648,35
2020,75 to 84,109087.22218141763,36
2020,75 to 84,109138.84246992366,37
2020,75 to 84,109190.4663866699,38
2020,75 to 84,109242.09947188162,39
2020,75 to 84,109293.74726578414,40
2020,75 to 84,109345.41530860277,41
2020,75 to 84,109397.10914056282,42
2020,75 to 84,109448.8343018896,43
2020,75 to 84,109500.59633280839,44
2020,75 to 84,109552.40077354453,45
2020,75 to 84,109604.25316432332,46
2020,75 to 84,109656.15904537006,47
2020,75 to 84,109708.12395691007,48
2020,75 to 84,109760.15343916864,49
2020,75 to 84,109812.25303237108,50
2020,75 to 84,109864.4282767427,51
2020,75 to 84,109916.68471250882,52
2020,85+,38937.394861615314,1
2020,85+,38950.42154623015,2
2020,85+,38963.368512931345,3
2020,85+,38976.24439363069,4
2020,85+,38989.05782023997,5
2020,85+,39001.81742467097,6
2020,85+,39014.53183883547,7
2020,85+,39027.20969464526,8
2020,85+,39039.85962401212,9
2020,85+,39052.490258847836,10
2020,85+,39065.110231064195,11
2020,85+,39077.72817257298,12
2020,85+,39090.352715285975,13
2020,85+,39102.992491114965,14
2020,85+,39115.65613197173,15
2020,85+,39128.35226976806,16
2020,85+,39141.08953641575,17
2020,85+,39153.87656382656,18
2020,85+,39166.72198391229,19
2020,85+,39179.63442858472,20
2020,85+,39192.622529755645,21
2020,85+,39205.694919336835,22
2020,85+,39218.86022924008,23
2020,85+,39232.127091377166,24
2020,85+,39245.50413765988,25
2020,85+,39259,26
2020,85+,39272.622473804215,27
2020,85+,39286.37600845883,28
2020,85+,39300.26421684504,29
2020,85+,39314.29071184405,30
2020,85+,39328.45910633706,31
2020,85+,39342.773013205275,32
2020,85+,39357.23604532989,33
2020,85+,39371.85181559211,34
2020,85+,39386.62393687314,35
2020,85+,39401.556022054174,36
2020,85+,39416.65168401642,37
2020,85+,39431.91453564108,38
2020,85+,39447.34818980935,39
2020,85+,39462.95625940244,40
2020,85+,39478.74235730154,41
2020,85+,39494.71009638786,42
2020,85+,39510.86308954261,43
2020,85+,39527.20494964697,44
2020,85+,39543.73928958216,45
2020,85+,39560.469722229376,46
2020,85+,39577.39986046981,47
2020,85+,39594.53331718468,48
2020,85+,39611.87370525518,49
2020,85+,39629.42463756251,50
2020,85+,39647.18972698787,51
2020,85+,39665.17258641247,52
2021,0 to 14,365352.1466574464,1
2021,0 to 14,365314.78563947964,2
2021,0 to 14,365278.2059710129,3
2021,0 to 14,365242.427423325,4
2021,0 to 14,365207.4697676952,5
2021,0 to 14,365173.3527754023,6
2021,0 to 14,365140.0962177254,7
2021,0 to 14,365107.71986594365,8
2021,0 to 14,365076.24349133583,9
2021,0 to 14,365045.68686518114,10
2021,0 to 14,365016.06975875853,11
2021,0 to 14,364987.41194334696,12
2021,0 to 14,364959.73319022555,13
2021,0 to 14,364933.05327067326,14
2021,0 to 14,364907.3919559691,15
2021,0 to 14,364882.76901739213,16
2021,0 to 14,364859.2042262213,17
2021,0 to 14,364836.7173537357,18
2021,0 to 14,364815.3281712143,19
2021,0 to 14,364795.0564499362,20
2021,0 to 14,364775.9219611802,21
2021,0 to 14,364757.9444762256,22
2021,0 to 14,364741.1437663512,23
2021,0 to 14,364725.5396028362,24
2021,0 to 14,364711.15175695944,25
2021,0 to 14,364698,26
2021,0 to 14,364686.1041032369,27
2021,0 to 14,364675.4838379492,28
2021,0 to 14,364666.1589754159,29
2021,0 to 14,364658.14928691596,30
2021,0 to 14,364651.47454372846,31
2021,0 to 14,364646.1545171324,32
2021,0 to 14,364642.2089784068,33
2021,0 to 14,364639.6576988306,34
2021,0 to 14,364638.52044968295,35
2021,0 to 14,364638.8170022428,36
2021,0 to 14,364640.56712778914,37
2021,0 to 14,364643.790597601,38
2021,0 to 14,364648.50718295743,39
2021,0 to 14,364654.73665513744,40
2021,0 to 14,364662.49878542,41
2021,0 to 14,364671.8133450842,42
2021,0 to 14,364682.70010540896,43
2021,0 to 14,364695.17883767345,44
2021,0 to 14,364709.2693131565,45
2021,0 to 14,364724.99130313727,46
2021,0 to 14,364742.3645788947,47
2021,0 to 14,364761.40891170787,48
2021,0 to 14,364782.1440728557,49
2021,0 to 14,364804.5898336173,50
2021,0 to 14,364828.7659652717,51
2021,0 to 14,364854.6922390978,52
2021,15 to 44,715385.0231155491,1
2021,15 to 44,715358.5841987741,2
2021,15 to 44,715334.7652528402,3
2021,15 to 44,715313.6166945093,4
2021,15 to 44,715295.1889405425,5
2021,15 to 44,715279.5324077017,6
2021,15 to 44,715266.6975127481,7
2021,15 to 44,715256.7346724432,8
2021,15 to 44,715249.6943035487,9
2021,15 to 44,715245.6268228259,10
2021,15 to 44,715244.5826470364,11
2021,15 to 44,715246.6121929416,12
2021,15 to 44,715251.7658773031,13
2021,15 to 44,715260.0941168823,14
2021,15 to 44,715271.6473284408,15
2021,15 to 44,715286.4759287399,16
2021,15 to 44,715304.6303345413,17
2021,15 to 44,715326.1609626064,18
2021,15 to 44,715351.1182296968,19
2021,15 to 44,715379.5525525737,20
2021,15 to 44,715411.5143479989,21
2021,15 to 44,715447.0540327338,22
2021,15 to 44,715486.2220235398,23
2021,15 to 44,715529.0687371786,24
2021,15 to 44,715575.6445904115,25
2021,15 to 44,715626,26
2021,15 to 44,715680.1853827056,27
2021,15 to 44,715738.25115529,28
2021,15 to 44,715800.2477345144,29
2021,15 to 44,715866.2255371405,30
2021,15 to 44,715936.2349799298,31
2021,15 to 44,716010.3264796436,32
2021,15 to 44,716088.5504530435,33
2021,15 to 44,716170.957316891,34
2021,15 to 44,716257.5974879477,35
2021,15 to 44,716348.5213829748,36
2021,15 to 44,716443.7794187341,37
2021,15 to 44,716543.422011987,38
2021,15 to 44,716647.4995794948,39
2021,15 to 44,716756.0625380194,40
2021,15 to 44,716869.1613043218,41
2021,15 to 44,716986.8462951639,42
2021,15 to 44,717109.167927307,43
2021,15 to 44,717236.1766175126,44
2021,15 to 44,717367.9227825422,45
2021,15 to 44,717504.4568391574,46
2021,15 to 44,717645.8292041195,47
2021,15 to 44,717792.0902941902,48
2021,15 to 44,717943.2905261308,49
2021,15 to 44,718099.480316703,50
2021,15 to 44,718260.7100826681,51
2021,15 to 44,718427.0302407877,52
2021,45 to 64,494894.07460929087,1
2021,45 to 64,494905.6386255421,2
2021,45 to 64,494916.61686050566,3
2021,45 to 64,494927.0121660818,4
2021,45 to 64,494936.827394171,5
2021,45 to 64,494946.0653966734,6
2021,45 to 64,494954.7290254894,7
2021,45 to 64,494962.8211325193,8
2021,45 to 64,494970.34456966346,9
2021,45 to 64,494977.3021888222,10
2021,45 to 64,494983.6968418957,11
2021,45 to 64,494989.53138078447,12
2021,45 to 64,494994.8086573887,13
2021,45 to 64,494999.53152360884,14
2021,45 to 64,495003.702831345,15
2021,45 to 64,495007.3254324977,16
2021,45 to 64,495010.4021789672,17
2021,45 to 64,495012.93592265376,18
2021,45 to 64,495014.9295154577,19
2021,45 to 64,495016.38580927945,20
2021,45 to 64,495017.3076560192,21
2021,45 to 64,495017.6979075773,22
2021,45 to 64,495017.55941585416,23
2021,45 to 64,495016.89503275004,24
2021,45 to 64,495015.7076101652,25
2021,45 to 64,495014,26
2021,45 to 64,495011.7750541548,27
2021,45 to 64,495009.0356245299,28
2021,45 to 64,495005.7845630255,29
2021,45 to 64,495002.0247215421,30
2021,45 to 64,494997.7589519799,31
2021,45 to 64,494992.99010623933,32
2021,45 to 64,494987.7210362206,33
2021,45 to 64,494981.95459382405,34
2021,45 to 64,494975.69363095,35
2021,45 to 64,494968.9409994988,36
2021,45 to 64,494961.6995513708,37
2021,45 to 64,494953.9721384662,38
2021,45 to 64,494945.76161268546,39
2021,45 to 64,494937.07082592876,40
2021,45 to 64,494927.90263009653,41
2021,45 to 64,494918.259877089,42
2021,45 to 64,494908.1454188066,43
2021,45 to 64,494897.5621071495,44
2021,45 to 64,494886.5127940182,45
2021,45 to 64,494875.0003313128,46
2021,45 to 64,494863.02757093386,47
2021,45 to 64,494850.5973647815,48
2021,45 to 64,494837.7125647561,49
2021,45 to 64,494824.3760227581,50
2021,45 to 64,494810.5905906876,51
2021,45 to 64,494796.35912044503,52
2021,65 to 74,175925.0750047656,1
2021,65 to 74,175984.54896261625,2
2021,65 to 74,176044.8394233945,3
2021,65 to 74,176105.95731108764,4
2021,65 to 74,176167.91354968285,5
2021,65 to 74,176230.71906316746,6
2021,65 to 74,176294.38477552868,7
2021,65 to 74,176358.9216107538,8
2021,65 to 74,176424.34049283003,9
2021,65 to 74,176490.65234574466,10
2021,65 to 74,176557.86809348495,11
2021,65 to 74,176625.9986600381,12
2021,65 to 74,176695.05496939144,13
2021,65 to 74,176765.0479455322,14
2021,65 to 74,176835.9885124476,15
2021,65 to 74,176907.8875941249,16
2021,65 to 74,176980.75611455142,17
2021,65 to 74,177054.60499771434,18
2021,65 to 74,177129.44516760096,19
2021,65 to 74,177205.28754819854,20
2021,65 to 74,177282.1430634943,21
2021,65 to 74,177360.02263747551,22
2021,65 to 74,177438.93719412942,23
2021,65 to 74,177518.8976574433,24
2021,65 to 74,177599.9149514044,25
2021,65 to 74,177682,26
2021,65 to 74,177765.16372721732,27
2021,65 to 74,177849.4170570436,28
2021,65 to 74,177934.77091346614,29
2021,65 to 74,178021.23622047217,30
2021,65 to 74,178108.82390204896,31
2021,65 to 74,178197.54488218375,32
2021,65 to 74,178287.4100848638,33
2021,65 to 74,178378.43043407638,34
2021,65 to 74,178470.61685380872,35
2021,65 to 74,178563.9802680481,36
2021,65 to 74,178658.53160078175,37
2021,65 to 74,178754.28177599693,38
2021,65 to 74,178851.24171768094,39
2021,65 to 74,178949.42234982096,40
2021,65 to 74,179048.8345964043,41
2021,65 to 74,179149.4893814182,42
2021,65 to 74,179251.39762884993,43
2021,65 to 74,179354.57026268673,44
2021,65 to 74,179459.01820691585,45
2021,65 to 74,179564.75238552454,46
2021,65 to 74,179671.78372250005,47
2021,65 to 74,179780.12314182968,48
2021,65 to 74,179889.78156750067,49
2021,65 to 74,180000.76992350025,50
2021,65 to 74,180113.09913381567,51
2021,65 to 74,180226.78012243423,52
2021,75 to 84,109969.02787989473,1
2021,75 to 84,110021.46331912575,2
2021,75 to 84,110073.99657042717,3
2021,75 to 84,110126.63317402432,4
2021,75 to 84,110179.37867014248,5
2021,75 to 84,110232.23859900699,6
2021,75 to 84,110285.21850084313,7
2021,75 to 84,110338.32391587622,8
2021,75 to 84,110391.56038433156,9
2021,75 to 84,110444.93344643446,10
2021,75 to 84,110498.44864241024,11
2021,75 to 84,110552.11151248419,12
2021,75 to 84,110605.92759688162,13
2021,75 to 84,110659.90243582784,14
2021,75 to 84,110714.04156954816,15
2021,75 to 84,110768.35053826788,16
2021,75 to 84,110822.83488221232,17
2021,75 to 84,110877.50014160678,18
2021,75 to 84,110932.35185667656,19
2021,75 to 84,110987.39556764698,20
2021,75 to 84,111042.63681474334,21
2021,75 to 84,111098.08113819094,22
2021,75 to 84,111153.7340782151,23
2021,75 to 84,111209.60117504113,24
2021,75 to 84,111265.68796889433,25
2021,75 to 84,111322,26
2021,75 to 84,111378.54280858346,27
2021,75 to 84,111435.32193487001,28
2021,75 to 84,111492.34291908496,29
2021,75 to 84,111549.61130145361,30
2021,75 to 84,111607.13262220127,31
2021,75 to 84,111664.91242155326,32
2021,75 to 84,111722.95623973488,33
2021,75 to 84,111781.26961697143,34
2021,75 to 84,111839.85809348823,35
2021,75 to 84,111898.72720951057,36
2021,75 to 84,111957.88250526377,37
2021,75 to 84,112017.32952097314,38
2021,75 to 84,112077.07379686397,39
2021,75 to 84,112137.12087316159,40
2021,75 to 84,112197.47629009129,41
2021,75 to 84,112258.14558787839,42
2021,75 to 84,112319.13430674818,43
2021,75 to 84,112380.44798692598,44
2021,75 to 84,112442.0921686371,45
2021,75 to 84,112504.07239210684,46
2021,75 to 84,112566.3941975605,47
2021,75 to 84,112629.06312522342,48
2021,75 to 84,112692.08471532086,49
2021,75 to 84,112755.46450807816,50
2021,75 to 84,112819.20804372062,51
2021,75 to 84,112883.32086247354,52
2021,85+,39683.376828717504,1
2021,85+,39701.80606678417,2
2021,85+,39720.46391349369,3
2021,85+,39739.35398172724,4
2021,85+,39758.47988436603,5
2021,85+,39777.84523429128,6
2021,85+,39797.453644384164,7
2021,85+,39817.3087275259,8
2021,85+,39837.414096597684,9
2021,85+,39857.773364480716,10
2021,85+,39878.39014405621,11
2021,85+,39899.268048205355,12
2021,85+,39920.41068980935,13
2021,85+,39941.82168174941,14
2021,85+,39963.50463690673,15
2021,85+,39985.4631681625,16
2021,85+,40007.70088839794,17
2021,85+,40030.22141049425,18
2021,85+,40053.02834733262,19
2021,85+,40076.125311794254,20
2021,85+,40099.51591676036,21
2021,85+,40123.203775112146,22
2021,85+,40147.192499730794,23
2021,85+,40171.48570349752,24
2021,85+,40196.08699929352,25
2021,85+,40221,26
2021,85+,40246.22831849816,27
2021,85+,40271.775567669196,28
2021,85+,40297.645360394316,29
2021,85+,40323.84130955472,30
2021,85+,40350.367028031615,31
2021,85+,40377.22612870619,32
2021,85+,40404.42222445965,33
2021,85+,40431.95892817321,34
2021,85+,40459.839852728066,35
2021,85+,40488.06861100541,36
2021,85+,40516.648815886445,37
2021,85+,40545.58408025238,38
2021,85+,40574.87801698442,39
2021,85+,40604.53423896375,40
2021,85+,40634.55635907159,41
2021,85+,40664.947990189125,42
2021,85+,40695.712745197576,43
2021,85+,40726.85423697813,44
2021,85+,40758.37607841199,45
2021,85+,40790.28188238036,46
2021,85+,40822.57526176445,47
2021,85+,40855.25982944544,48
2021,85+,40888.33919830455,49
2021,85+,40921.81698122298,50
2021,85+,40955.69679108193,51
2021,85+,40989.9822407626,52
