year,num_week,true_death,fit_death,lower,upper,excess_death
2015,1,1146,1309.8906087654257,1073.9950000000001,1568.0030000000006,-163.89060876542567
2015,2,1708,1386.8110765528024,1133.9879999999998,1675.0110000000022,321.18892344719757
2015,3,1489,1380.2216912544757,1118.994,1638.0030000000006,108.77830874552433
2015,4,1381,1373.6621645393222,1121.997,1655,7.337835460677752
2015,5,1286,1367.1323763804298,1127.99,1646.0020000000004,-81.13237638042983
2015,6,1344,1253.953811735733,999.999,1524.0010000000002,90.0461882642669
2015,7,1360,1247.9904654954105,997,1517.0080000000016,112.00953450458951
2015,8,1320,1242.054196302789,999.998,1519.0010000000002,77.94580369721098
2015,9,1308,1236.1448948411592,992.988,1512.0030000000006,71.85510515884084
2015,10,1192,1154.218662683173,932,1414.0010000000002,37.78133731682692
2015,11,1201,1148.7249164285395,923.99,1391.0040000000008,52.27508357146053
2015,12,1149,1143.2561651530527,917.9989999999999,1419.0020000000004,5.743834846947266
2015,13,1171,1137.812307517551,907,1394.0090000000018,33.18769248244894
2015,14,1042,1048.8689809997538,846,1297.0060000000012,-6.8689809997538305
2015,15,1192,1043.8724917425573,823,1285.0090000000018,148.12750825744274
2015,16,1095,1105.1557858525348,868.994,1360.0030000000006,-10.155785852534791
2015,17,1108,1099.8890014623648,878.9960000000001,1359.0070000000014,8.110998537635169
2015,18,1117,1074.6318410044705,866.999,1329.0060000000012,42.368158995529484
2015,19,1020,1005.3885918501321,791.997,1244.0010000000002,14.611408149867884
2015,20,1103,1064.4084516094883,833.994,1307.005000000001,38.59154839051166
2015,21,1039,1059.3317637277783,842.999,1291,-20.331763727778252
2015,22,1043,991.0715210608511,799.9979999999999,1231.0020000000004,51.92847893914893
2015,23,1106,1028.8506167050075,813.9989999999999,1269.005000000001,77.1493832949925
2015,24,1038,1023.9406181313641,788.998,1298,14.05938186863591
2015,25,1025,1019.0531001606777,802.9960000000001,1240.0030000000006,5.946899839322327
2015,26,1032,1014.1879704359856,781.999,1279.0020000000004,17.812029564014438
2015,27,1040,1003.4000775990199,788.998,1253.010000000002,36.59992240098006
2015,28,1011,998.6078420355303,800.998,1238.0020000000004,12.392157964469675
2015,29,1023,993.8375891353652,772.999,1217.0060000000012,29.162410864634808
2015,30,956,989.0892282340949,779.992,1222.0020000000004,-33.08922823409489
2015,31,985,984.362668954106,786.999,1231.0110000000022,0.6373310458940296
2015,32,1043,995.2518873694025,776,1229.0010000000002,47.74811263059746
2015,33,969,990.4941143611452,782.998,1246.0020000000004,-21.494114361145193
2015,34,982,985.7582163077022,779.9949999999999,1221.0010000000002,-3.7582163077022415
2015,35,954,981.044102556863,784,1203.0040000000008,-27.04410255686298
2015,36,977,958.215608211091,756.9979999999999,1184.0130000000026,18.784391788909033
2015,37,991,1014.4505412958152,808.995,1252.0040000000008,-23.450541295815242
2015,38,1001,1009.5965949633149,797.99,1243.0010000000002,-8.596594963314942
2015,39,1010,1004.7650162573162,789.995,1244.0110000000022,5.234983742683767
2015,40,1008,1061.659348814476,829,1303.0060000000012,-53.65934881447606
2015,41,1028,1056.576830328712,840.9970000000001,1308,-28.57683032871205
2015,42,989,1051.517764034781,836.9979999999999,1290.0080000000016,-62.51776403478107
2015,43,981,1046.4820520207052,834.996,1269.0080000000016,-65.48205202070517
2015,44,1116,1041.469596694689,838,1276.0130000000026,74.53040330531098
2015,45,1028,1110.0856930218001,883.988,1359.0010000000002,-82.08569302180013
2015,46,1103,1104.766783735892,890,1337.0110000000022,-1.766783735891977
2015,47,1054,1099.472471193804,887.999,1351,-45.47247119380404
2015,48,1115,1094.2026522419367,861.999,1335.0030000000006,20.797347758063324
2015,49,1089,1191.5458710346745,958.995,1468,-102.54587103467452
2015,50,1101,1185.8328572328207,958.994,1418.0090000000018,-84.83285723282074
2015,51,1146,1180.1463081421596,948.998,1426,-34.14630814215957
2015,52,944,1104.0725705962334,877.996,1344,-160.0725705962334
2015,53,1018,1021.2775048050784,809.995,1281.0010000000002,-3.2775048050783653
2016,1,1394,1402.4705262609762,1151.995,1670.005000000001,-8.470526260976158
2016,2,1305,1395.7408047494637,1144,1692.005000000001,-90.74080474946368
2016,3,1215,1389.0423235834753,1142.9979999999998,1683,-174.0423235834753
2016,4,1187,1382.3749507150442,1116.998,1662.0020000000004,-195.37495071504418
2016,5,1205,1267.8757679069063,1039.989,1549.0110000000022,-62.875767906906276
2016,6,1217,1261.788115892737,1020.998,1548.0020000000004,-44.788115892737096
2016,7,1209,1255.7287705542149,1028.9979999999998,1521.0010000000002,-46.72877055421486
2016,8,1239,1249.6976118372868,1004.996,1512.0130000000026,-10.697611837286786
2016,9,1150,1166.820480703228,940.999,1407.005000000001,-16.820480703227986
2016,10,1174,1161.2146665081377,909.991,1414.0010000000002,12.785333491862275
2016,11,1175,1155.6349610903453,930.984,1401.0020000000004,19.365038909654686
2016,12,1042,1081.1308472624055,869.9889999999999,1329.0060000000012,-39.130847262405496
2016,13,1172,1060.1322468796577,833.999,1306.0160000000033,111.86775312034229
2016,14,1166,1122.322206277587,886.999,1375,43.67779372241307
2016,15,1048,1116.9262600059799,899.992,1380.0010000000002,-68.92626000597988
2016,16,1092,1111.5554954584256,891.989,1366.0030000000006,-19.55549545842564
2016,17,1076,1106.209805039713,884.9989999999999,1362.0030000000006,-30.209805039713046
2016,18,1006,1015.9660831136262,793,1261.0010000000002,-9.966083113626155
2016,19,1047,1075.5614944511283,852.982,1300.005000000001,-28.561494451128283
2016,20,1010,1070.3867610567618,829.998,1316,-60.38676105676177
2016,21,994,1065.2362244860856,830.998,1309.0030000000006,-71.23622448608558
2016,22,999,977.1804719226157,765.992,1246.005000000001,21.819528077384348
2016,23,1023,1034.4980565380713,807.995,1263.005000000001,-11.498056538071296
2016,24,988,1029.5182160920058,817.9929999999999,1278.0040000000008,-41.51821609200579
2016,25,994,1024.5616970905699,825,1260.0090000000018,-30.56169709056985
2016,26,1007,1013.6227713013059,805.998,1257.0080000000016,-6.622771301305875
2016,27,988,1008.7415129676107,804,1245.0040000000008,-20.741512967610674
2016,28,1022,1003.883125456784,797.998,1224,18.116874543216
2016,29,1041,999.0474953171978,782.9970000000001,1224.0060000000012,41.952504682802214
2016,30,979,994.2345097391302,790.9979999999999,1232.0190000000039,-15.234509739130203
2016,31,987,1005.1938987407689,797,1245.0070000000014,-18.193898740768873
2016,32,997,1000.3499694828222,794.9979999999999,1243.005000000001,-3.349969482822189
2016,33,982,995.528705293711,782.995,1234.0040000000008,-13.528705293711027
2016,34,1017,990.7299941342862,787.999,1232,26.270005865713756
2016,35,1039,967.6392887695524,762.999,1193,71.36071123044758
2016,36,1007,1024.3884467912906,814.999,1257.0010000000002,-17.388446791290562
2016,37,983,1019.4484566517452,796.994,1269.0010000000002,-36.44845665174523
2016,38,966,1014.531550903865,820.984,1242.0090000000018,-48.53155090386497
2016,39,1009,1009.6376158290849,793.999,1245.0040000000008,-0.6376158290848934
2016,40,1072,1066.7670337364425,848.996,1303.0020000000004,5.2329662635575005
2016,41,1009,1061.619528412047,850.997,1296.0010000000002,-52.619528412046975
2016,42,1070,1056.4960530358715,835.9970000000001,1307.005000000001,13.503946964128545
2016,43,1052,1051.3964895546285,844.985,1290.0030000000006,0.6035104453715121
2016,44,1032,1120.6249277895909,891,1371.0030000000006,-88.62492778959086
2016,45,1043,1115.2140635648916,894.997,1356.0090000000018,-72.2140635648916
2016,46,1174,1109.8284342435938,889.999,1357.0070000000014,64.17156575640615
2016,47,1132,1104.4679161881727,890.999,1358.0060000000012,27.532083811827306
2016,48,1159,1202.6796166537874,941.9979999999999,1462.0010000000002,-43.679616653787434
2016,49,1188,1196.8686451589826,961.995,1467.0070000000014,-8.868645158982645
2016,50,1219,1191.084749261515,947.9929999999999,1461.0020000000004,27.91525073848493
2016,51,1284,1185.327796660846,965.9889999999999,1448.0020000000004,98.67220333915407
2016,52,1133,1108.877663487724,879.997,1354.0070000000014,24.12233651227598
2017,1,1205,1323.9440444472143,1063.9950000000001,1599.0010000000002,-118.94404444721431
2017,2,1379,1401.5692764177588,1133.9959999999999,1674.0020000000004,-22.56927641775883
2017,3,1224,1394.7901008345498,1146.999,1652.0030000000006,-170.79010083454978
2017,4,1197,1388.042469946884,1127,1658.0020000000004,-191.042469946884
2017,5,1332,1273.0253499823455,1020.998,1547.0030000000006,58.97465001765454
2017,6,1200,1266.8644765813451,1031,1529.0040000000008,-66.86447658134512
2017,7,1231,1260.732252528448,1033.997,1540.0030000000006,-29.732252528448043
2017,8,1185,1254.62853866187,1008.9979999999999,1516.0010000000002,-69.62853866186992
2017,9,1219,1171.378837393675,939.998,1434.0110000000022,47.621162606325015
2017,10,1146,1165.7055074433615,924.999,1424.0040000000008,-19.705507443361512
2017,11,1141,1160.0585380492553,924.997,1431.0010000000002,-19.058538049255276
2017,12,1152,1154.4378014987708,924.995,1395.0070000000014,-2.4378014987707957
2017,13,1112,1148.8431707798484,922,1401.0080000000016,-36.84317077984838
2017,14,1060,1126.4833125789157,909.995,1377,-66.48331257891573
2017,15,998,1053.8136995240984,844.996,1289.005000000001,-55.81369952409841
2017,16,1111,1048.7035649438965,814.999,1279.0010000000002,62.29643505610352
2017,17,1121,1110.1750716706524,878.9960000000001,1366,10.824928329347586
2017,18,1050,1019.5654997476239,793.998,1256.0040000000008,30.434500252376097
2017,19,1119,1079.3267992388744,863.996,1320.0020000000004,39.6732007611256
2017,20,1115,1074.0885066464862,857.993,1336.0140000000029,40.91149335351383
2017,21,1063,1068.874507179002,853.9970000000001,1315.0010000000002,-5.8745071790019665
2017,22,1015,980.475720596038,770.9979999999999,1222.0070000000014,34.524279403962055
2017,23,1076,1037.9413848762358,826.999,1269,38.058615123764184
2017,24,1031,1032.899522233563,808.9989999999999,1260.0020000000004,-1.8995222335629478
2017,25,1032,1027.8810254748455,817.997,1292.0030000000006,4.118974525154499
2017,26,994,1022.885782392855,822.9979999999999,1266.005000000001,-28.88578239285505
2017,27,1040,1011.9181658376784,789,1235.0030000000006,28.08183416232157
2017,28,1014,1006.9983337675346,809.999,1250.0010000000002,7.001666232465368
2017,29,1025,1002.1014363157267,787.9970000000001,1241.0080000000016,22.898563684273313
2017,30,978,997.2274366620237,792,1237.0030000000006,-19.227436662023706
2017,31,1011,1008.1728143496076,792.993,1235.0110000000022,2.82718565039238
2017,32,1002,1003.2676398984466,790.999,1250.0110000000022,-1.267639898446646
2017,33,1004,998.3856103733181,800.99,1243.0120000000024,5.614389626681941
2017,34,1045,993.5266849901657,779,1238.0020000000004,51.47331500983432
2017,35,980,970.3255437824746,761.996,1218.0060000000012,9.674456217525403
2017,36,1006,1027.184524207338,820.999,1265.0060000000012,-21.184524207337972
2017,37,972,1022.1838269558821,813.9979999999999,1256.0110000000022,-50.18382695588207
2017,38,1049,1017.2070721765774,810.997,1246.0030000000006,31.792927823422588
2017,39,1056,1012.2542132060491,791.997,1245.0040000000008,43.745786793950856
2017,40,1016,1069.4835838780375,863.998,1313.0030000000006,-53.48358387803751
2017,41,1133,1064.2756907199603,838.991,1288.005000000001,68.72430928003973
2017,42,1067,1059.0930143851801,817.9979999999999,1319.0020000000004,7.90698561481986
2017,43,1095,1053.9355021245115,824.999,1291,41.06449787548854
2017,44,1062,1123.283593228085,916.998,1371.0040000000008,-61.28359322808501
2017,45,1126,1117.813550944748,887.996,1360.0120000000024,8.18644905525207
2017,46,1175,1112.370285404227,899.9979999999999,1346.0030000000006,62.629714595773066
2017,47,1178,1106.9537369157654,889.9979999999999,1345.0080000000016,71.04626308423462
2017,48,1153,1205.340138447431,973.998,1474.0030000000006,-52.340138447430945
2017,49,1237,1199.471575705816,973.998,1464.0070000000014,37.528424294184106
2017,50,1335,1193.632046091396,966.999,1454.0020000000004,141.36795390860402
2017,51,1437,1187.821481043243,962.999,1457.0060000000012,249.178518956757
2017,52,1168,1111.1734052605973,885.9929999999999,1362.0020000000004,56.82659473940271
2018,1,1531,1326.6426646236337,1088.989,1605.0010000000002,204.35733537636634
2018,2,1899,1404.3833986557634,1153.993,1687.0140000000029,494.61660134423664
2018,3,1629,1397.5503304662147,1141,1697.0010000000002,231.44966953378525
2018,4,1610,1390.751587673157,1136.999,1664.0080000000016,219.24841232684298
2018,5,1369,1275.4775821849248,1034.998,1562.0010000000002,93.52241781507519
2018,6,1265,1269.274910430312,1024.9950000000001,1549.0110000000022,-4.2749104303120475
2018,7,1315,1263.1036284741979,1018.995,1530.010000000002,51.896371525802124
2018,8,1245,1256.963653381404,1018,1528.0090000000018,-11.963653381403901
2018,9,1022,1173.5382715577034,931.997,1433.0020000000004,-151.5382715577034
2018,10,1475,1167.8363220617207,938.996,1422.0010000000002,307.1636779382793
2018,11,1220,1162.1635069233107,927.997,1398.0030000000006,57.836493076689294
2018,12,1158,1156.519745732845,933.989,1410,1.4802542671550327
2018,13,1050,1081.9051681432566,859,1332,-31.90516814325656
2018,14,1192,1060.841402810855,848.999,1314.0030000000006,131.15859718914498
2018,15,1192,1123.0223541652672,888.9989999999999,1381.0010000000002,68.97764583473281
2018,16,1136,1117.5751872706867,897.994,1382.0030000000006,18.424812729313317
2018,17,1008,1112.1562426172013,884.997,1345.0010000000002,-104.15624261720131
2018,18,1093,1086.5294420901323,871,1333.0080000000016,6.4705579098676935
2018,19,967,1016.4400705136668,813.996,1261.0040000000008,-49.4400705136668
2018,20,977,1076.0275097727747,848.998,1325.0090000000018,-99.02750977277469
2018,21,1070,1070.817652678059,863.9920000000001,1321.0140000000029,-0.8176526780589484
2018,22,998,982.273552915056,781.985,1202.015000000003,15.72644708494397
2018,23,1033,1039.8640869309295,824.995,1278.005000000001,-6.8640869309294885
2018,24,915,1034.8355565887086,814,1266.0060000000012,-119.83555658870864
2018,25,993,1029.8335434824385,813.9989999999999,1270.010000000002,-36.83354348243847
2018,26,1046,1024.8579642534073,807,1254.0070000000014,21.142035746592683
2018,27,1041,1013.9014275539243,789,1260.0010000000002,27.09857244607565
2018,28,1002,1009.0072621983898,807.998,1239.0110000000022,-7.007262198389753
2018,29,928,1004.1387871054981,794.9979999999999,1239.0040000000008,-76.13878710549807
2018,30,933,999.2957542030845,783.998,1236.0010000000002,-66.29575420308447
2018,31,969,1010.3078888505381,808.9979999999999,1252.010000000002,-41.30788885053812
2018,32,953,1005.4387151515267,780.999,1241.005000000001,-52.43871515152671
2018,33,978,1000.5946500156758,792.998,1252.0010000000002,-22.594650015675825
2018,34,941,995.7754529545794,781.992,1225.0040000000008,-54.77545295457935
2018,35,930,931.5689670572838,733.991,1168.0130000000026,-1.5689670572837713
2018,36,970,1029.619937940594,812.9910000000001,1281.0060000000012,-59.6199379405939
2018,37,1020,1024.6650290001671,817.9949999999999,1282.0010000000002,-4.665029000167124
2018,38,946,1019.7351074493037,803.997,1249.0040000000008,-73.73510744930365
2018,39,1015,1014.8299365689804,804.995,1254.0080000000016,0.170063431019571
2018,40,1042,1072.2695861325024,849.995,1309.0030000000006,-30.269586132502354
2018,41,1081,1067.1135486551925,847.9979999999999,1319.0010000000002,13.886451344807483
2018,42,1031,1061.983052735902,852,1287.0020000000004,-30.983052735901992
2018,43,1019,1056.8778586735425,834,1306.005000000001,-37.877858673542505
2018,44,1085,1126.4908852528658,907.9939999999999,1372.0040000000008,-41.49088525286584
2018,45,1144,1121.0765863416655,881.997,1360.0020000000004,22.92341365833454
2018,46,1084,1115.6886339789423,890.995,1360.0020000000004,-31.688633978942335
2018,47,1058,1110.326783372968,881.997,1355.0040000000008,-52.326783372968066
2018,48,1062,1104.9907926360922,882,1341.0060000000012,-42.99079263609224
2018,49,1076,1203.2792824450432,956.982,1480.0080000000016,-127.27928244504324
2018,50,1212,1197.496408559804,947.986,1469.0010000000002,14.503591440196033
2018,51,1216,1191.7410554568128,957.99,1454.010000000002,24.258944543187226
2018,52,1058,1114.9083634666056,903.997,1380.0020000000004,-56.90836346660558
2019,1,1104,1331.18208040179,1087.9969999999998,1618.0030000000006,-227.18208040179002
2019,2,1507,1409.2720660555544,1154.975,1670.0060000000012,97.72793394444557
2019,3,1353,1402.4961595321545,1146,1684.0010000000002,-49.49615953215448
2019,4,1208,1395.7517933388776,1157.998,1661.0010000000002,-187.75179333887763
2019,5,1206,1280.133118579234,1045,1532.0120000000024,-74.13311857923395
2019,6,1243,1273.9748846955686,1039.994,1545.0030000000006,-30.974884695568562
2019,7,1181,1267.8449396875483,1037.996,1507.0030000000006,-86.84493968754828
2019,8,1245,1261.743030246592,1019.996,1541.0020000000004,-16.74303024659207
2019,9,1125,1178.054717589146,956.999,1445.005000000001,-53.054717589146094
2019,10,1156,1172.3818772484685,951.992,1434.0090000000018,-16.381877248468527
2019,11,1108,1166.7346436761609,942.985,1417.0010000000002,-58.734643676160886
2019,12,1101,1161.1127904933028,917.9849999999999,1424.0020000000004,-60.11279049330278
2019,13,1086,1155.5160940627977,902,1407.0110000000022,-69.51609406279772
2019,14,1032,1133.0551672897002,913.995,1377.0130000000026,-101.0551672897002
2019,15,1069,1127.589593371929,907.9989999999999,1402.0010000000002,-58.58959337192891
2019,16,902,1054.8724180669801,835.995,1291.0170000000035,-152.87241806698012
2019,17,1121,1049.7797119712882,849.999,1278.0010000000002,71.22028802871182
2019,18,1131,1091.01730823189,879.996,1324.0070000000014,39.982691768110044
2019,19,1018,1020.6519507439808,797.998,1252.0040000000008,-2.6519507439808194
2019,20,1115,1080.496069930888,858.998,1343.0060000000012,34.5039300691119
2019,21,1061,1075.2695921551212,861.9979999999999,1325.0130000000026,-14.269592155121245
2019,22,1029,1005.9123587112155,804.995,1249.0030000000006,23.08764128878454
2019,23,1042,1044.1826793766763,838.994,1285.0080000000016,-2.182679376676333
2019,24,1028,1039.123436536602,818.992,1301.0070000000014,-11.123436536601957
2019,25,1053,1034.0857020742444,801.998,1261,18.91429792575559
2019,26,1051,1029.0692951921403,818.999,1277.0080000000016,21.930704807859684
2019,27,981,1018.0422555936296,814.997,1255.0010000000002,-37.04225559362965
2019,28,1077,1013.0974849584068,813.9979999999999,1267.0010000000002,63.90251504159323
2019,29,964,1008.1737568358119,804.986,1251.0120000000024,-44.1737568358119
2019,30,1041,1003.2710782281856,790.999,1242.0040000000008,37.728921771814385
2019,31,1020,1014.2816885852673,809.996,1255.0070000000014,5.718311414732739
2019,32,1018,1009.3437544800131,805.999,1251.0040000000008,8.656245519986896
2019,33,1028,1004.4272176548824,798.997,1243.0060000000012,23.572782345117616
2019,34,1011,999.5320795309054,788.9970000000001,1230.0030000000006,11.467920469094565
2019,35,1013,935.0259478611233,731.995,1155.0020000000004,77.97405213887669
2019,36,980,1033.3734716570796,817,1273,-53.37347165707956
2019,37,1074,1028.3298847142612,816.999,1261.0020000000004,45.6701152857388
2019,38,1071,1023.3086301595608,804.999,1257.0060000000012,47.691369840439165
2019,39,1142,1018.3097025086754,818.999,1251.005000000001,123.6902974913246
2019,40,1051,1075.8622014406183,850.9979999999999,1314.0020000000004,-24.862201440618264
2019,41,1143,1070.6021942309842,851.9979999999999,1309.0040000000008,72.3978057690158
2019,42,1153,1065.3658657524202,840.9970000000001,1303.0070000000014,87.63413424757982
2019,43,1115,1060.153204638808,828.997,1280.0010000000002,54.84679536119211
2019,44,1101,1129.8822198284618,904.999,1390,-28.882219828461757
2019,45,1184,1124.3500368487757,890.998,1360.025000000005,59.649963151224256
2019,46,1160,1118.8431569482539,871.997,1391.0030000000006,41.15684305174614
2019,47,1229,1113.3615623579233,874.9989999999999,1380.0030000000006,115.63843764207672
2019,48,1163,1107.9052339615973,886.999,1338,55.09476603840267
2019,49,1108,1206.3362030105784,973,1474,-98.3362030105784
2019,50,1312,1200.4210684166442,967.993,1456.0080000000016,111.57893158335582
2019,51,1277,1194.533508922632,975.989,1461.0070000000014,82.46649107736789
2019,52,1018,1117.4093849446838,895.998,1373.0010000000002,-99.40938494468378
2020,1,1161,1334.034458114876,1076.9959999999999,1611.0010000000002,-173.0344581148761
2020,2,1567,1412.1495421738693,1154.982,1696,154.85045782613065
2020,3,1322,1405.2179373518345,1166.998,1678.0060000000012,-83.21793735183451
2020,4,1226,1398.3192401053861,1143.999,1662.005000000001,-172.31924010538614
2020,5,1188,1391.4534105862454,1130.998,1669,-203.45341058624535
2020,6,1216,1276.0612519984998,1027.999,1521.0010000000002,-60.061251998499756
2020,7,1162,1269.7941937155,1023.999,1523.0060000000012,-107.79419371549989
2020,8,1162,1263.5573077534848,1019.996,1540.0030000000006,-101.55730775348479
2020,9,1171,1257.3505519361,1020.994,1537.015000000003,-86.35055193609992
2020,10,1208,1173.8375362726679,943.999,1439,34.162463727332124
2020,11,1198,1168.0708383637054,927.992,1438.0020000000004,29.929161636294566
2020,12,1196,1162.3322822263644,935.994,1426.005000000001,33.66771777363556
2020,13,1079,1156.6218234970208,939.9970000000001,1396.0030000000006,-77.62182349702084
2020,14,1744,1134.0356357626235,901.996,1391.0070000000014,609.9643642373765
2020,15,1978,1060.8098685564848,837,1299.0030000000006,917.1901314435152
2020,16,1916,1055.5984256938063,845.999,1295.0130000000026,860.4015743061937
2020,17,1836,1117.4041611348423,885.999,1363.0080000000016,718.5958388651577
2020,18,1678,1091.5851455629402,867.997,1337.0210000000043,586.4148544370598
2020,19,1435,1021.1015734802966,791,1274,413.89842651970343
2020,20,1421,1080.88878489417,878.999,1328.010000000002,340.11121510583007
2020,21,1226,1075.5808253103326,847.9979999999999,1318.0040000000008,150.41917468966744
2020,22,1128,1006.1323241377277,802.993,1246.0130000000026,121.86767586227234
2020,23,1093,1044.340682477625,823.999,1310.0060000000012,48.65931752237498
2020,24,1034,1039.2144253858914,827.997,1301.0010000000002,-5.214425385891445
2020,25,1065,1034.1142335068992,831.9979999999999,1276.0070000000014,30.885766493100846
2020,26,1008,1029.0400519360744,811.993,1258.0090000000018,-21.040051936074406
2020,27,983,1017.9604901865405,799.999,1284.0020000000004,-34.96049018654048
2020,28,977,1012.9676995613472,796.992,1234.0040000000008,-35.96769956134722
2020,29,1033,1008.0005240329913,793.998,1250.0060000000012,24.99947596700872
2020,30,962,1003.0588701317893,785.994,1262.010000000002,-41.05887013178926
2020,31,1043,998.1426442915366,786.989,1266.0030000000006,44.85735570846339
2020,32,1011,1009.062205461929,806.998,1239.005000000001,1.937794538070989
2020,33,928,1004.119103891696,792,1218.0140000000029,-76.119103891696
2020,34,1046,999.2015494503888,785.999,1243.0010000000002,46.798450549611175
2020,35,1030,994.3094467522701,781.999,1256.0020000000004,35.690553247729895
2020,36,1050,971.0634555704536,768,1212.0010000000002,78.93654442954642
2020,37,1069,1027.9395934870076,833.998,1260,41.06040651299236
2020,38,952,1022.9112770594114,814.9979999999999,1271,-70.91127705941142
2020,39,933,1017.9091336836912,808.995,1270.0040000000008,-84.90913368369115
2020,40,1196,1075.4374854928558,849.999,1352,120.56251450714421
2020,41,1072,1070.181936042989,848,1313.0020000000004,1.8180639570109633
2020,42,1134,1064.9538564514362,842.999,1307.0010000000002,69.0461435485638
2020,43,1187,1059.753140569486,832.999,1284.0170000000035,127.24685943051395
2020,44,1262,1054.5796822236691,834.9970000000001,1295.0040000000008,207.42031777633088
2020,45,1250,1123.9586268364146,893.9989999999999,1376.005000000001,126.04137316358538
2020,46,1338,1118.4758218575723,872.99,1364.010000000002,219.52417814242767
2020,47,1360,1113.021868865568,892.989,1363,246.97813113443203
2020,48,1329,1107.5966541032167,890.994,1343.0030000000006,221.40334589678332
2020,49,1296,1206.0362942353966,967.996,1464,89.96370576460345
2020,50,1284,1200.1624978325842,971,1482.0020000000004,83.83750216741578
2020,51,1297,1194.3197736659752,959.9960000000001,1466.0010000000002,102.68022633402484
2020,52,1205,1117.2538065272197,894.9979999999999,1393.0130000000026,87.7461934727803
2020,53,1178,1033.4006020569377,832.996,1282.0010000000002,144.59939794306229
2021,1,1720,1419.0271175821329,1166.999,1704.0020000000004,300.97288241786714
2021,2,1550,1412.1311619742737,1150.999,1681.0010000000002,137.8688380257263
2021,3,1559,1405.2719191527826,1165.997,1691.010000000002,153.72808084721737
2021,4,1604,1398.4492393659727,1158.98,1699.005000000001,205.55076063402726
2021,5,1506,1282.551655364147,1047.9959999999999,1549.0030000000006,223.4483446358529
2021,6,1412,1276.3308768587892,1024.997,1547.0060000000012,135.66912314121078
2021,7,1422,1270.1433811069971,1038.9979999999998,1525.0140000000029,151.85661889300286
2021,8,1325,1263.9890304006067,1026.997,1528.0070000000014,61.01096959939332
2021,9,1204,1180.1175896754685,949.999,1445.0080000000016,23.88241032453152
2021,10,1145,1174.4054511160075,950.997,1437.0070000000014,-29.405451116007498
2021,11,1114,1168.7240218183636,932.999,1433,-54.72402181836355
2021,12,1097,1163.0731729611557,930.9970000000001,1413.015000000003,-66.0731729611557
2021,13,972,1072.0801467103745,843.996,1324,-100.08014671037449
2021,14,1058,1066.902391310469,848.999,1323.0040000000008,-8.902391310469056
2021,15,1131,1129.467138952925,882.998,1372.0060000000012,1.5328610470749027
2021,16,1112,1124.0185419161319,906.999,1380.0060000000012,-12.01854191613188
2021,17,1040,1118.5994432298382,896.991,1382.0020000000004,-78.59944322983824
2021,18,954,1027.3362998258187,817.992,1246.0030000000006,-73.33629982581874
2021,19,1076,1087.5934246653803,860.996,1332.0010000000002,-11.593424665380326
2021,20,1042,1082.3595423659806,863.998,1320.0080000000016,-40.35954236598059
2021,21,1098,1077.1541242517487,860.9939999999999,1320.0030000000006,20.845875748251274
2021,22,1055,988.1193962061791,776.9929999999999,1229.0160000000033,66.88060379382091
2021,23,1150,1046.0891201820089,824.998,1298.0030000000006,103.91087981799114
2021,24,1054,1041.0679024699484,831,1291.0010000000002,12.932097530051578
2021,25,1055,1036.0741127115762,815.997,1287.0090000000018,18.925887288423837
2021,26,1095,1025.0343898457832,820,1266.0010000000002,69.96561015421685
2021,27,1087,1020.1241877008122,815.998,1260.0010000000002,66.87581229918783
2021,28,1127,1015.2408935975445,802.994,1244,111.75910640245547
2021,29,1126,1010.3843884229123,789.9979999999999,1241.0030000000006,115.61561157708775
2021,30,1155,1005.554553240741,806.996,1244.005000000001,149.44544675925897
2021,31,1073,1016.6810982320419,808.995,1272.0040000000008,56.318901767958096
2021,32,1099,1011.8282096537995,797.9970000000001,1254.0020000000004,87.17179034620051
2021,33,1171,1007.0020542264767,795.9979999999999,1233,163.99794577352327
2021,34,1129,1002.2025118781332,782.999,1266.0060000000012,126.79748812186676
2021,35,1180,978.9018610525326,768.995,1212.0070000000014,201.09813894746742
2021,36,1130,1036.3768858042704,822.983,1272.0030000000006,93.62311419572961
2021,37,1259,1031.448689368933,830.993,1289.0030000000006,227.55131063106705
2021,38,1228,1026.5477781025804,810.998,1260.0080000000016,201.45222189741958
2021,39,1255,1084.7178229012345,858,1313.0070000000014,170.2821770987655
2021,40,1368,1079.572036253588,877.996,1309.0080000000016,288.42796374641193
2021,41,1345,1074.4548233121252,855.9839999999999,1321.0010000000002,270.5451766878748
2021,42,1323,1069.3660528555934,835.9960000000001,1302.005000000001,253.63394714440665
2021,43,1342,1064.3055939133806,851.991,1323.0110000000022,277.69440608661944
2021,44,1298,1134.4973483283175,916.9970000000001,1386.0020000000004,163.50265167168254
2021,45,1338,1129.1377465229293,887.998,1385.0040000000008,208.86225347707068
2021,46,1277,1123.808047600648,903.9979999999999,1380.024000000005,153.19195239935198
2021,47,1286,1118.508112400801,905.999,1354.0030000000006,167.4918875991989
2021,48,1333,1218.1138773810108,997.997,1466.0040000000008,114.88612261898925
2021,49,1326,1212.3793249452817,976.999,1501,113.62067505471828
2021,50,1359,1206.6768853019223,968.999,1469.0210000000043,152.3231146980777
2021,51,1337,1201.006407457175,972.995,1456.0030000000006,135.9935925428249
2021,52,1085,1123.7022902340216,905.994,1376.0030000000006,-38.702290234021575
2022,1,1231,1341.838680877092,1082.997,1605.0060000000012,-110.83868087709197
2022,2,1517,1420.7268361757367,1164.984,1704.005000000001,96.27316382426329
2022,3,1347,1414.0752586623541,1132.988,1706.0070000000014,-67.07525866235414
2022,4,1261,1407.4611275511863,1149,1675.0060000000012,-146.46112755118634
2022,5,1260,1291.0499645784316,1024.996,1562.005000000001,-31.049964578431627
2022,6,1238,1285.0229320059757,1032.988,1534.0090000000018,-47.02293200597569
2022,7,1158,1279.029916915364,1028.991,1550.0030000000006,-121.02991691536408
2022,8,1190,1273.0707557566714,1035.9930000000002,1561.0010000000002,-83.07075575667136
2022,9,1192,1188.8217300238666,951.999,1435.0040000000008,3.178269976133379
2022,10,1222,1183.2939746912518,944.999,1446.015000000003,38.70602530874817
2022,11,1267,1177.7975226610054,949.9970000000001,1413,89.20247733899464
2022,12,1248,1172.3322219951606,950.991,1431.005000000001,75.66777800483942
2022,13,1271,1149.7597586036027,921.995,1408.0040000000008,121.24024139639732
2022,14,1236,1144.43566657921,924.996,1382.0010000000002,91.56433342079004
2022,15,1051,1070.8472632756552,850.997,1310.0110000000022,-19.847263275655223
2022,16,1256,1065.8990925516139,858.998,1307.005000000001,190.10090744838612
2022,17,1268,1128.644280189972,895.996,1366.0080000000016,139.35571981002795
2022,18,1093,1036.7776816256164,810.993,1286.0040000000008,56.222318374383576
2022,19,1244,1097.8196839411905,879.997,1366.015000000003,146.18031605880947
2022,20,1214,1092.768926532702,865,1347.0090000000018,121.23107346729807
2022,21,1100,1087.7469960372766,853.999,1334.0010000000002,12.25300396272337
2022,22,848,998.0530684178912,795.984,1255.0020000000004,-150.05306841789115
2022,23,1207,1056.8368981410774,822.9989999999999,1299.0130000000026,150.16310185892257
2022,24,1186,1051.996552562783,838.997,1291.0220000000045,134.0034474372169
2022,25,1136,1047.1839143856323,826.994,1292.0020000000004,88.8160856143677
2022,26,1137,1036.2590986423236,815.992,1311.0010000000002,100.74090135767642
2022,27,1102,1031.5294818397244,804.995,1272.0010000000002,70.47051816027556
2022,28,1184,1026.8269964803462,806.995,1263.0010000000002,157.17300351965378
2022,29,1138,1022.1515057704597,793.998,1256,115.84849422954028
2022,30,1183,1017.5028733161234,805.99,1251.0020000000004,165.49712668387656
2022,31,1125,1029.0038709549772,795.9979999999999,1279.0070000000014,95.99612904502283
2022,32,1138,1024.3353996743342,799.9879999999999,1256.0070000000014,113.66460032566579
2022,33,1175,1019.6938009356625,810.998,1254.010000000002,155.30619906433753
2022,34,1086,1015.0789378167156,792.996,1264.005000000001,70.92106218328445
2022,35,1071,991.7204555560102,780.996,1202.0010000000002,79.27954444398983
2022,36,1129,1050.206013520242,830,1277.030000000006,78.7939864797579
2022,37,1135,1045.4709056868735,830.9970000000001,1285,89.5290943131265
2022,38,1001,978.366645946012,783.999,1211.0040000000008,22.633354053988
2022,39,1250,1036.0825841734027,835,1278.0070000000014,213.91741582659733
2022,40,1296,1095.074834023001,881.999,1327,200.9251659769991
2022,41,1264,1090.1627743676363,858.999,1349.0010000000002,173.8372256323637
2022,42,1243,1085.2791520543215,860.9879999999999,1344.0020000000004,157.72084794567854
2022,43,1290,1080.423819514941,856.98,1328.0160000000033,209.576180485059
2022,44,1278,1151.9798583143086,924.994,1409,126.02014168569144
2022,45,1235,1146.8398509582314,928.999,1391,88.16014904176859
2022,46,1291,1141.7296712811449,923,1414.0070000000014,149.27032871885513
2022,47,1271,1136.6491632780617,910.995,1392.0110000000022,134.35083672193832
2022,48,1239,1238.2039432497656,1002.9929999999999,1515.0020000000004,0.7960567502343565
2022,49,1301,1232.7092341012044,988.9939999999999,1494.0010000000002,68.2907658987956
2022,50,1321,1227.2464832160535,977.9920000000001,1501.0030000000006,93.75351678394645
2022,51,1612,1221.8155221514976,989.987,1487.0020000000004,390.1844778485024
2022,52,1198,1143.488822861466,913.99,1394.0020000000004,54.511177138534094
